한자,구자,부수,총획,학년,추가연도,삭제연도,발음
亜,亞,007二,7,7S,,,ア
哀,,030口,9,7S,,,アイ、あわ-れ、あわ-れむ
挨,,064手,10,7S,2010,,アイ
愛,,061心,13,4,,,アイ
曖,,072日,17,7S,2010,,アイ
悪,惡,061心,11,3,,,アク、オ、わる-い
握,,064手,12,7S,,,アク、にぎ-る
圧,壓,032土,5,5,,,アツ
扱,,064手,6,7S,,,あつか-う
宛,,040宀,8,7S,2010,,あ-てる
嵐,,046山,12,7S,2010,,あらし
安,,040宀,6,3,,,アン、やす-い
案,,075木,10,4,,,アン
暗,,072日,13,3,,,アン、くら-い
以,,009人,5,4,,,イ
衣,,145衣,6,4,,,イ、ころも
位,,009人,7,4,,,イ、くらい
囲,圍,031囗,7,5,,,イ、かこ-む、かこ-う
医,醫,164酉,7,3,,,イ
依,,009人,8,7S,,,イ、（エ）
委,,038女,8,3,,,イ、ゆだ-ねる
威,,038女,9,7S,,,イ
為,爲,087爪,9,7S,,,イ
畏,,102田,9,7S,2010,,イ、おそ-れる
胃,,130肉,9,6,,,イ
尉,,041寸,11,7S,,,イ
異,,102田,11,6,,,イ、こと
移,,115禾,11,5,,,イ、うつ-る、うつ-す
萎,,140艸,11,7S,2010,,イ、な-える
偉,,009人,12,7S,,,イ、えら-い
椅,,075木,12,7S,2010,,イ
彙[6],,058彐,13,7S,2010,,イ
意,,061心,13,3,,,イ
違,,162辵,13,7S,,,イ、ちが-う、ちが-える
維,,120糸,14,7S,,,イ
慰,,061心,15,7S,,,イ、なぐさ-める、なぐさ-む
遺,,162辵,15,6,,,イ、（ユイ）
緯,,120糸,16,7S,,,イ
域,,032土,11,6,,,イキ
育,,130肉,8,3,,,イク、そだ-つ、そだ-てる、はぐく-む
一,,001一,1,1,,,イチ、イツ、ひと、ひと-つ
壱,壹,033士,7,7S,,,イチ
逸,逸[9],162辵,11,7S,,,イツ
茨[5],,140艸,9,4,2010,,（いばら）[10]
芋,,140艸,6,7S,,,いも
引,,057弓,4,2,,,イン、ひ-く、ひ-ける
印,,026卩,6,4,,,イン、しるし
因,,031囗,6,5,,,イン、よ-る
咽,,030口,9,7S,2010,,イン
姻,,038女,9,7S,,,イン
員,,030口,10,3,,,イン
院,,170阜,10,3,,,イン
淫[6][11],,085水,11,7S,2010,,イン、みだ-ら
陰,,170阜,11,7S,,,イン、かげ、かげ-る
飲,飮[4],184食,12,3,,,イン、の-む
隠,隱,170阜,14,7S,,,イン、かく-す、かく-れる
韻,,180音,19,7S,,,イン
右,,030口,5,1,,,ウ、ユウ、みぎ
宇,,040宀,6,6,,,ウ
羽,羽[4][9],124羽,6,2,,,ウ、は、はね
雨,,173雨,8,1,,,ウ、あめ、（あま）
唄,,030口,10,7S,2010,,（うた）
鬱,,192鬯,29,7S,2010,,ウツ
畝,,102田,10,7S,,,うね
浦,,085水,10,7S,,,うら
運,,162辵,12,3,,,ウン、はこ-ぶ
雲,,173雨,12,2,,,ウン、くも
永,,085水,5,5,,,エイ、なが-い
泳,,085水,8,3,,,エイ、およ-ぐ
英,,140艸,8,4,,,エイ
映,,072日,9,6,,,エイ、うつ-る、うつ-す、は-える
栄,榮,075木,9,4,,,エイ、さか-える、は-え、は-える
営,營,086火,12,5,,,エイ、いとな-む
詠,,149言,12,7S,,,エイ、よ-む
影,,059彡,15,7S,,,エイ、かげ
鋭,銳[4],167金,15,7S,,,エイ、するど-い
衛,衞,144行,16,5,,,エイ
易,,072日,8,5,,,エキ、イ、やさ-しい
疫,,104疒,9,7S,,,エキ、（ヤク）
益,益[4][9],108皿,10,5,,,エキ、（ヤク）
液,,085水,11,5,,,エキ
駅,驛,187馬,14,3,,,エキ
悦,悅[4],061心,10,7S,,,エツ
越,,156走,12,7S,,,エツ、こ-す、こ-える
謁,謁[9],149言,15,7S,,,エツ
閲,閱[4],169門,15,7S,,,エツ
円,圓,031囗,4,1,,,エン、まる-い
延,,054廴,8,6,,,エン、の-びる、の-べる、の-ばす
沿,,085水,8,6,,,エン、そ-う
炎,,086火,8,7S,,,エン、ほのお
怨,,061心,9,7S,2010,,エン、オン
宴,,040宀,10,7S,,,エン
媛,,038女,12,4,2010,,エン
援,,064手,12,7S,,,エン
園,,031囗,13,2,,,エン、その
煙,,086火,13,7S,,,エン、けむ-る、けむり、けむ-い
猿,,094犬,13,7S,1981,,エン、さる
遠,,162辵,13,2,,,エン、（オン）、とお-い
鉛,,167金,13,7S,,,エン、なまり
塩,鹽,197鹵,13,4,,,エン、しお
演,,085水,14,5,,,エン
縁,緣,120糸,15,7S,,,エン、ふち
艶,艷,139色,19,7S,2010,,エン、つや
汚,,085水,6,7S,,,オ、けが-す、けが-れる、けが-らわしい、よご-す、よご-れる、きたな-い
王,,096玉,4,1,,,オウ
凹,,017凵,5,7S,1981,,オウ
央,,037大,5,3,,,オウ
応,應,061心,7,5,,,オウ、こた-える
往,,060彳,8,5,,,オウ
押,,064手,8,7S,,,オウ、お-す、お-さえる
旺,,072日,8,7S,2010,,オウ
欧,歐,076欠,8,7S,,,オウ
殴,毆,079殳,8,7S,,,オウ、なぐ-る
桜,櫻,075木,10,5,,,オウ、さくら
翁,,124羽,10,7S,,,オウ
奥,奧,037大,12,7S,,,オウ、おく
横,橫,075木,15,3,,,オウ、よこ
岡,,046山,8,4,2010,,（おか）[10]
屋,,044尸,9,3,,,オク、や
億,,009人,15,4,,,オク
憶,,061心,16,7S,,,オク
臆[12],,130肉,17,7S,2010,,オク
虞,,141虍,13,7S,,,おそれ
乙,,005乙,1,7S,,,オツ
俺,,009人,10,7S,2010,,おれ
卸,,026卩,9,7S,,,おろ-す、おろし
音,,180音,9,1,,,オン、イン、おと、ね
恩,,061心,10,6,,,オン
温,溫,085水,12,3,,,オン、あたた-か、あたた-かい、あたた-まる、あたた-める
穏,穩,115禾,16,7S,,,オン、おだ-やか
下,,001一,3,1,,,カ、ゲ、した、しも、もと、さ-げる、さ-がる、くだ-る、くだ-す、くだ-さる、お-ろす、お-りる
化,,021匕,4,3,,,カ、ケ、ば-ける、ば-かす
火,,086火,4,1,,,カ、ひ、（ほ）
加,,019力,5,4,,,カ、くわ-える、くわ-わる
可,,030口,5,5,,,カ
仮,假,009人,6,5,,,カ、（ケ）、かり
何,,009人,7,2,,,カ、なに、（なん）
花,,140艸,7,1,,,カ、はな
佳,,009人,8,7S,,,カ
価,價,009人,8,5,,,カ、あたい
果,,075木,8,4,,,カ、は-たす、は-てる、は-て
河,,085水,8,5,,,カ、かわ
苛,,140艸,8,7S,2010,,カ
科,,115禾,9,2,,,カ
架,,075木,9,7S,,,カ、か-ける、か-かる
夏,,035夊,10,2,,,カ、（ゲ）、なつ
家,,040宀,10,2,,,カ、ケ、いえ、や
荷,,140艸,10,3,,,カ、に
華,,140艸,10,7S,,,カ、（ケ）、はな
菓,,140艸,11,7S,,,カ
貨,,154貝,11,4,,,カ
渦,,085水,12,7S,1981,,カ、うず
過,,162辵,12,5,,,カ、す-ぎる、す-ごす、あやま-つ、あやま-ち
嫁,,038女,13,7S,,,カ、よめ、とつ-ぐ
暇,,072日,13,7S,,,カ、ひま
禍,禍[9],113示,13,7S,,,カ
靴,,177革,13,7S,1981,,カ、くつ
寡,,040宀,14,7S,,,カ
歌,,076欠,14,2,,,カ、うた、うた-う
箇,,118竹,14,7S,,,カ
稼,,115禾,15,7S,1981,,カ、かせ-ぐ
課,,149言,15,4,,,カ
蚊,,142虫,10,7S,,,か
牙[5],,092牙,4,7S,2010,,ガ、（ゲ）、きば
瓦,,098瓦,5,7S,2010,,ガ、かわら
我,,062戈,7,6,,,ガ、われ、わ
画,畫,102田,8,2,,,ガ、カク
芽,,140艸,8,4,,,ガ、め
賀,,154貝,12,4,,,ガ
雅,,172隹,13,7S,,,ガ
餓,,184食,15,7S,,,ガ
介,,009人,4,7S,,,カイ
回,,031囗,6,2,,,カイ、（エ）、まわ-る、まわ-す
灰,,086火,6,6,,,カイ、はい
会,會,073曰,6,2,,,カイ、エ、あ-う
快,,061心,7,5,,,カイ、こころよ-い
戒,,062戈,7,7S,,,カイ、いまし-める
改,,066攴,7,4,,,カイ、あらた-める、あらた-まる
怪,,061心,8,7S,,,カイ、あや-しい、あや-しむ
拐,,064手,8,7S,1981,,カイ
悔,悔[9],061心,9,7S,,,カイ、く-いる、く-やむ、くや-しい
海,海[9],085水,9,2,,,カイ、うみ
界,,102田,9,3,,,カイ
皆,,106白,9,7S,,,カイ、みな
械,,075木,11,4,,,カイ
絵,繪,120糸,12,2,,,カイ、エ
開,,169門,12,3,,,カイ、ひら-く、ひら-ける、あ-く、あ-ける
階,,170阜,12,3,,,カイ
塊,,032土,13,7S,,,カイ、かたまり
楷,,075木,13,7S,2010,,カイ
解,,148角,13,5,,,カイ、ゲ、と-く、と-かす、と-ける
潰,,085水,15,7S,2010,,カイ、つぶ-す、つぶ-れる
壊,壞,032土,16,7S,,,カイ、こわ-す、こわ-れる
懐,懷,061心,16,7S,,,カイ、ふところ、なつ-かしい、なつ-かしむ、なつ-く、なつ-ける
諧,,149言,16,7S,2010,,カイ
貝,,154貝,7,1,,,かい
外,,036夕,5,2,,,ガイ、ゲ、そと、ほか、はず-す、はず-れる
劾,,019力,8,7S,,,ガイ
害,,040宀,10,4,,,ガイ
崖,,046山,11,7S,2010,,ガイ、がけ
涯,,085水,11,7S,1981,,ガイ
街,,144行,12,4,,,ガイ、（カイ）、まち
慨,慨[9],061心,13,7S,,,ガイ
蓋,,140艸,13,7S,2010,,ガイ、ふた
該,,149言,13,7S,,,ガイ
概,槪,075木,14,7S,,,ガイ
骸[12],,188骨,16,7S,2010,,ガイ
垣,,032土,9,7S,1981,,かき
柿,,075木,9,7S,2010,,かき
各,,030口,6,4,,,カク、おのおの
角,,148角,7,2,,,カク、かど、つの
拡,擴,064手,8,6,,,カク
革,,177革,9,6,,,カク、かわ
格,,075木,10,5,,,カク、（コウ）
核,,075木,10,7S,,,カク
殻,殼,079殳,11,7S,1981,,カク、から
郭,,163邑,11,7S,,,カク
覚,覺,147見,12,4,,,カク、おぼ-える、さ-ます、さ-める
較,,159車,13,7S,,,カク
隔,,170阜,13,7S,,,カク、へだ-てる、へだ-たる
閣,,169門,14,6,,,カク
確,,112石,15,5,,,カク、たし-か、たし-かめる
獲,,094犬,16,7S,,,カク、え-る
嚇,,030口,17,7S,,,カク
穫,,115禾,18,7S,,,カク
学,學,039子,8,1,,,ガク、まな-ぶ
岳,嶽,046山,8,7S,,,ガク、たけ
楽,樂,075木,13,2,,,ガク、ラク、たの-しい、たの-しむ
額,,181頁,18,5,,,ガク、ひたい
顎,,181頁,18,7S,2010,,ガク、あご
掛,,064手,11,7S,,,か-ける、か-かる、かかり
潟,,085水,15,4,1981,,かた
括,,064手,9,7S,,,カツ
活,,085水,9,2,,,カツ
喝,喝[9],030口,11,7S,1981,,カツ
渇,渴,085水,11,7S,,,カツ、かわ-く
割,,018刀,12,6,,,カツ、わ-る、わり、わ-れる、さ-く
葛[6][11],,140艸,12,7S,2010,,カツ、くず
滑,,085水,13,7S,,,カツ、コツ、すべ-る、なめ-らか
褐,褐[9],145衣,13,7S,1981,,カツ
轄,,159車,17,7S,,,カツ
且,,001一,5,7S,,,か-つ
株,,075木,10,6,,,かぶ
釜,,167金,10,7S,2010,,かま
鎌,,167金,18,7S,2010,,かま
刈,,018刀,4,7S,,,か-る
干,,051干,3,6,,,カン、ほ-す、ひ-る
刊,,018刀,5,5,,,カン
甘,,099甘,5,7S,,,カン、あま-い、あま-える、あま-やかす
汗,,085水,6,7S,,,カン、あせ
缶,罐,121缶,6,7S,1981,,カン
完,,040宀,7,4,,,カン
肝,,130肉,7,7S,,,カン、きも
官,,040宀,8,4,,,カン
冠,,014冖,9,7S,,,カン、かんむり
巻,卷,026卩,9,6,,,カン、ま-く、まき
看,,109目,9,6,,,カン
陥,陷,170阜,10,7S,,,カン、おちい-る、おとしい-れる
乾,,005乙,11,7S,,,カン、かわ-く、かわ-かす
勘,,019力,11,7S,,,カン
患,,061心,11,7S,,,カン、わずら-う
貫,,154貝,11,7S,,,カン、つらぬ-く
寒,,040宀,12,3,,,カン、さむ-い
喚,,030口,12,7S,,,カン
堪,,032土,12,7S,,,カン、た-える
換,,064手,12,7S,,,カン、か-える、か-わる
敢,,066攴,12,7S,,,カン
棺,,075木,12,7S,,,カン
款,,076欠,12,7S,,,カン
間,,169門,12,2,,,カン、ケン、あいだ、ま
閑,,169門,12,7S,,,カン
勧,勸,019力,13,7S,,,カン、すす-める
寛,寬,040宀,13,7S,,,カン
幹,,051干,13,5,,,カン、みき
感,,061心,13,3,,,カン
漢,漢[9],085水,13,3,,,カン
慣,,061心,14,5,,,カン、な-れる、な-らす
管,,118竹,14,4,,,カン、くだ
関,關,169門,14,4,,,カン、せき、かか-わる
歓,歡,076欠,15,7S,,,カン
監,,108皿,15,7S,,,カン
緩,,120糸,15,7S,,,カン、ゆる-い、ゆる-やか、ゆる-む、ゆる-める
憾,,061心,16,7S,,,カン
還,,162辵,16,7S,,,カン
館,館[4][9],184食,16,3,,,カン、やかた
環,,096玉,17,7S,,,カン
簡,,118竹,18,6,,,カン
観,觀,147見,18,4,,,カン
韓[5],,178韋,18,7S,2010,,カン
艦,,137舟,21,7S,,,カン
鑑,,167金,23,7S,,,カン、かんが-みる
丸,,003丶,3,2,,,ガン、まる、まる-い、まる-める
含,,030口,7,7S,,,ガン、ふく-む、ふく-める
岸,,046山,8,3,,,ガン、きし
岩,,046山,8,2,,,ガン、いわ
玩,,096玉,8,7S,2010,,ガン
眼,,109目,11,5,,,ガン、（ゲン）、まなこ
頑,,181頁,13,7S,1981,,ガン
顔,顏[4],181頁,18,2,,,ガン、かお
願,,181頁,19,4,,,ガン、ねが-う
企,,009人,6,7S,,,キ、くわだ-てる
伎,,009人,6,7S,2010,,キ
危,,026卩,6,6,,,キ、あぶ-ない、あや-うい、あや-ぶむ
机,,075木,6,6,,,キ、つくえ
気,氣,084气,6,1,,,キ、ケ
岐,,046山,7,4,,,キ
希,,050巾,7,4,,,キ
忌,,061心,7,7S,,,キ、い-む、い-まわしい
汽,,085水,7,2,,,キ
奇,,037大,8,7S,,,キ
祈,祈[9],113示,8,7S,,,キ、いの-る
季,,039子,8,4,,,キ
紀,,120糸,9,5,,,キ
軌,,159車,9,7S,,,キ
既,旣[4],071无,10,7S,,,キ、すで-に
記,,149言,10,2,,,キ、しる-す
起,,156走,10,3,,,キ、お-きる、お-こる、お-こす
飢,,184食,10,7S,,,キ、う-える
鬼,,194鬼,10,7S,,,キ、おに
帰,歸,077止,10,2,,,キ、かえ-る、かえ-す
基,,032土,11,5,,,キ、もと、もとい
寄,,040宀,11,5,,,キ、よ-る、よ-せる
規,,147見,11,5,,,キ
亀,龜,213龜,11,7S,2010,,キ、かめ
喜,,030口,12,5,,,キ、よろこ-ぶ
幾,,052幺,12,7S,,,キ、いく
揮,,064手,12,6,,,キ
期,,074月,12,3,,,キ、（ゴ）
棋,,075木,12,7S,,,キ
貴,,154貝,12,6,,,キ、たっと-い、とうと-い、たっと-ぶ、とうと-ぶ
棄,,075木,13,7S,,,キ
毀,,079殳,13,7S,2010,,キ
旗,,070方,14,4,,,キ、はた
器,器[9],030口,15,4,,,キ、うつわ
畿,,102田,15,7S,2010,,キ
輝,,159車,15,7S,,,キ、かがや-く
機,,075木,16,4,,,キ、はた
騎,,187馬,18,7S,,,キ
技,,064手,7,5,,,ギ、わざ
宜,,040宀,8,7S,,,ギ
偽,僞,009人,11,7S,,,ギ、いつわ-る、にせ
欺,,076欠,12,7S,,,ギ、あざむ-く
義,,123羊,13,5,,,ギ
疑,,103疋,14,6,,,ギ、うたが-う
儀,,009人,15,7S,,,ギ
戯,戲,062戈,15,7S,,,ギ、たわむ-れる
擬,,064手,17,7S,,,ギ
犠,犧,093牛,17,7S,,,ギ
議,,149言,20,4,,,ギ
菊,,140艸,11,7S,,,キク
吉,,030口,6,7S,,,キチ、キツ
喫,,030口,12,7S,,,キツ
詰,,149言,13,7S,,,キツ、つ-める、つ-まる、つ-む
却,,026卩,7,7S,,,キャク
客,,040宀,9,3,,,キャク、カク
脚,,130肉,11,7S,,,キャク、（キャ）、あし
逆,,162辵,9,5,,,ギャク、さか、さか-らう
虐,,141虍,9,7S,,,ギャク、しいた-げる
九,,005乙,2,1,,,キュウ、ク、ここの、ここの-つ
久,,004丿,3,5,,,キュウ、（ク）、ひさ-しい
及,,029又,3,7S,,,キュウ、およ-ぶ、およ-び、およ-ぼす
弓,,057弓,3,2,,,キュウ、ゆみ
丘,,001一,5,7S,,,キュウ、おか
旧,舊,134臼,5,5,,,キュウ
休,,009人,6,1,,,キュウ、やす-む、やす-まる、やす-める
吸,,030口,6,6,,,キュウ、す-う
朽,,075木,6,7S,,,キュウ、く-ちる
臼,,134臼,6,7S,2010,,キュウ、うす
求,,085水,7,4,,,キュウ、もと-める
究,,116穴,7,3,,,キュウ、きわ-める
泣,,085水,8,4,,,キュウ、な-く
急,,061心,9,3,,,キュウ、いそ-ぐ
級,,120糸,9,3,,,キュウ
糾,,120糸,9,7S,,,キュウ
宮,,040宀,10,3,,,キュウ、グウ、（ク）、みや
救,,066攴,11,5,,,キュウ、すく-う
球,,096玉,11,3,,,キュウ、たま
給,,120糸,12,4,,,キュウ
嗅[6],,030口,13,7S,2010,,キュウ、か-ぐ
窮,,116穴,15,7S,,,キュウ、きわ-める、きわ-まる
牛,,093牛,4,2,,,ギュウ、うし
去,,028厶,5,3,,,キョ、コ、さ-る
巨,,048工,5,7S,,,キョ
居,,044尸,8,5,,,キョ、い-る
拒,,064手,8,7S,,,キョ、こば-む
拠,據,064手,8,7S,,,キョ、コ
挙,擧,064手,10,4,,,キョ、あ-げる、あ-がる
虚,虛,141虍,11,7S,,,キョ、（コ）
許,,149言,11,5,,,キョ、ゆる-す
距,,157足,12,7S,,,キョ
魚,,195魚,11,2,,,ギョ、うお、さかな
御,,060彳,12,7S,,,ギョ、ゴ、おん
漁,,085水,14,4,,,ギョ、リョウ
凶,,017凵,4,7S,,,キョウ
共,,012八,6,4,,,キョウ、とも
叫,,030口,6,7S,,,キョウ、さけ-ぶ
狂,,094犬,7,7S,,,キョウ、くる-う、くる-おしい
京,,008亠,8,2,,,キョウ、ケイ
享,,008亠,8,7S,,,キョウ
供,,009人,8,6,,,キョウ、（ク）、そな-える、とも
協,,024十,8,4,,,キョウ
況,,085水,8,7S,,,キョウ
峡,峽,046山,9,7S,,,キョウ
挟,挾,064手,9,7S,1981,,キョウ、はさ-む、はさ-まる
狭,狹,094犬,9,7S,,,キョウ、せま-い、せば-める、せば-まる
恐,,061心,10,7S,,,キョウ、おそ-れる、おそ-ろしい
恭,,061心,10,7S,,,キョウ、うやうや-しい
胸,,130肉,10,6,,,キョウ、むね、（むな）
脅,,130肉,10,7S,,,キョウ、おびや-かす、おど-す、おど-かす
強,,057弓,11,2,,,キョウ、ゴウ、つよ-い、つよ-まる、つよ-める、し-いる
教,敎[4],066攴,11,2,,,キョウ、おし-える、おそ-わる
郷,鄕,163邑,11,6,,,キョウ、ゴウ
境,,032土,14,5,,,キョウ、（ケイ）、さかい
橋,,075木,16,3,,,キョウ、はし
矯,,111矢,17,7S,1981,,キョウ、た-める
鏡,,167金,19,4,,,キョウ、かがみ
競,,117立,20,4,,,キョウ、ケイ、きそ-う、せ-る
響,響[9],180音,20,7S,,,キョウ、ひび-く
驚,,187馬,22,7S,,,キョウ、おどろ-く、おどろ-かす
仰,,009人,6,7S,,,ギョウ、（コウ）、あお-ぐ、おお-せ
暁,曉,072日,12,7S,,,ギョウ、あかつき
業,,075木,13,3,,,ギョウ、ゴウ、わざ
凝,,015冫,16,7S,,,ギョウ、こ-る、こ-らす
曲,,073曰,6,3,,,キョク、ま-がる、ま-げる
局,,044尸,7,3,,,キョク
極,,075木,12,4,,,キョク、ゴク、きわ-める、きわ-まる、きわ-み
玉,,096玉,5,1,,,ギョク、たま
巾,,050巾,3,7S,2010,,キン
斤,,069斤,4,7S,,,キン
均,,032土,7,5,,,キン
近,,162辵,7,2,,,キン、ちか-い
金,,167金,8,1,,,キン、コン、かね、（かな）
菌,,140艸,11,7S,,,キン
勤,勤[9],019力,12,6,,,キン、（ゴン）、つと-める、つと-まる
琴,,096玉,12,7S,,,キン、こと
筋,,118竹,12,6,,,キン、すじ
僅[6][11],,009人,13,7S,2010,,キン、わず-か
禁,,113示,13,5,,,キン
緊,,120糸,15,7S,,,キン
錦,,167金,16,7S,2010,,キン、にしき
謹,謹[9],149言,17,7S,,,キン、つつし-む
襟,,145衣,18,7S,1981,,キン、えり
吟,,030口,7,7S,,,ギン
銀,,167金,14,3,,,ギン
区,區,023匸,4,3,,,ク
句,,030口,5,5,,,ク
苦,,140艸,8,3,,,ク、くる-しい、くる-しむ、くる-しめる、にが-い、にが-る
駆,驅,187馬,14,7S,,,ク、か-ける、か-る
具,,012八,8,3,,,グ
惧[6][12],,061心,11,7S,2010,,グ
愚,,061心,13,7S,,,グ、おろ-か
空,,116穴,8,1,,,クウ、そら、あ-く、あ-ける、から
偶,,009人,11,7S,,,グウ
遇,,162辵,12,7S,,,グウ
隅,,170阜,12,7S,1981,,グウ、すみ
串,,002丨,7,7S,2010,,くし
屈,,044尸,8,7S,,,クツ
掘,,064手,11,7S,,,クツ、ほ-る
窟,,116穴,13,7S,2010,,クツ
熊,,086火,14,4,2010,,くま
繰,,120糸,19,7S,,,く-る
君,,030口,7,3,,,クン、きみ
訓,,149言,10,4,,,クン
勲,勳,019力,15,7S,,,クン
薫,薰,140艸,16,7S,,,クン、かお-る
軍,,159車,9,4,,,グン
郡,,163邑,10,4,,,グン
群,,123羊,13,4,,,グン、む-れる、む-れ、（むら）
兄,,010儿,5,2,,,ケイ、（キョウ）、あに
刑,,018刀,6,7S,,,ケイ
形,,059彡,7,2,,,ケイ、ギョウ、かた、かたち
系,,120糸,7,6,,,ケイ
径,徑,060彳,8,4,,,ケイ
茎,莖,140艸,8,7S,,,ケイ、くき
係,,009人,9,3,,,ケイ、かか-る、かかり
型,,032土,9,5,,,ケイ、かた
契,,037大,9,7S,,,ケイ、ちぎ-る
計,,149言,9,2,,,ケイ、はか-る、はか-らう
恵,惠,061心,10,7S,,,ケイ、エ、めぐ-む
啓,,030口,11,7S,,,ケイ
掲,揭,064手,11,7S,,,ケイ、かか-げる
渓,溪,085水,11,7S,1981,,ケイ
経,經,120糸,11,5,,,ケイ、キョウ、へ-る
蛍,螢,142虫,11,7S,1981,,ケイ、ほたる
敬,,066攴,12,6,,,ケイ、うやま-う
景,,072日,12,4,,,ケイ
軽,輕,159車,12,3,,,ケイ、かる-い、かろ-やか
傾,,009人,13,7S,,,ケイ、かたむ-く、かたむ-ける
携,,064手,13,7S,,,ケイ、たずさ-える、たずさ-わる
継,繼,120糸,13,7S,,,ケイ、つ-ぐ
詣,,149言,13,7S,2010,,ケイ、もう-でる
慶,,061心,15,7S,,,ケイ
憬,,061心,15,7S,2010,,ケイ
稽[6][12],,115禾,15,7S,2010,,ケイ
憩,,061心,16,7S,,,ケイ、いこ-い、いこ-う
警,,149言,19,6,,,ケイ
鶏,鷄,196鳥,19,7S,,,ケイ、にわとり
芸,藝,140艸,7,4,,,ゲイ
迎,,162辵,7,7S,,,ゲイ、むか-える
鯨,,195魚,19,7S,,,ゲイ、くじら
隙[6],,170阜,13,7S,2010,,ゲキ、すき
劇,,018刀,15,6,,,ゲキ
撃,擊,064手,15,7S,,,ゲキ、う-つ
激,,085水,16,6,,,ゲキ、はげ-しい
桁,,075木,10,7S,2010,,けた
欠,缺,121缶,4,4,,,ケツ、か-ける、か-く
穴,,116穴,5,6,,,ケツ、あな
血,,143血,6,3,,,ケツ、ち
決,,085水,7,3,,,ケツ、き-める、き-まる
結,,120糸,12,4,,,ケツ、むす-ぶ、ゆ-う、ゆ-わえる
傑,,009人,13,7S,,,ケツ
潔,,085水,15,5,,,ケツ、いさぎよ-い
月,,074月,4,1,,,ゲツ、ガツ、つき
犬,,094犬,4,1,,,ケン、いぬ
件,,009人,6,5,,,ケン
見,,147見,7,1,,,ケン、み-る、み-える、み-せる
券,,018刀,8,6,,,ケン
肩,,130肉,8,7S,,,ケン、かた
建,,054廴,9,4,,,ケン、（コン）、た-てる、た-つ
研,硏,112石,9,3,,,ケン、と-ぐ
県,縣,120糸,9,3,,,ケン
倹,儉,009人,10,7S,,,ケン
兼,,012八,10,7S,,,ケン、か-ねる
剣,劍,018刀,10,7S,,,ケン、つるぎ
拳,,064手,10,7S,2010,,ケン、こぶし
軒,,159車,10,7S,,,ケン、のき
健,,009人,11,4,,,ケン、すこ-やか
険,險,170阜,11,5,,,ケン、けわ-しい
圏,圈,031囗,12,7S,,,ケン
堅,,032土,12,7S,,,ケン、かた-い
検,檢,075木,12,5,,,ケン
嫌,,038女,13,7S,1981,,ケン、（ゲン）、きら-う、いや
献,獻,094犬,13,7S,,,ケン、（コン）
絹,,120糸,13,6,,,ケン、きぬ
遣,,162辵,13,7S,,,ケン、つか-う、つか-わす
権,權,075木,15,6,,,ケン、（ゴン）
憲,,061心,16,6,,,ケン
賢,,154貝,16,7S,,,ケン、かしこ-い
謙,,149言,17,7S,,,ケン
鍵,,167金,17,7S,2010,,ケン、かぎ
繭,,120糸,18,7S,,,ケン、まゆ
顕,顯,181頁,18,7S,,,ケン
験,驗,187馬,18,4,,,ケン、（ゲン）
懸,,061心,20,7S,,,ケン、（ケ）、か-ける、か-かる
元,,010儿,4,2,,,ゲン、ガン、もと
幻,,052幺,4,7S,,,ゲン、まぼろし
玄,,095玄,5,7S,,,ゲン
言,,149言,7,2,,,ゲン、ゴン、い-う、こと
弦,,057弓,8,7S,,,ゲン、つる
限,,170阜,9,5,,,ゲン、かぎ-る
原,,027厂,10,2,,,ゲン、はら
現,,096玉,11,5,,,ゲン、あらわ-れる、あらわ-す
舷,,137舟,11,7S,2010,,ゲン
減,,085水,12,5,,,ゲン、へ-る、へ-らす
源,,085水,13,6,,,ゲン、みなもと
厳,嚴,030口,17,6,,,ゲン、（ゴン）、おごそ-か、きび-しい
己,,049己,3,6,,,コ、キ、おのれ
戸,戶[4],063戶,4,2,,,コ、と
古,,030口,5,2,,,コ、ふる-い、ふる-す
呼,,030口,8,6,,,コ、よ-ぶ
固,,031囗,8,4,,,コ、かた-める、かた-まる、かた-い
股,,130肉,8,7S,2010,,コ、また
虎,,141虍,8,7S,2010,,コ、とら
孤,,039子,9,7S,,,コ
弧,,057弓,9,7S,,,コ
故,,066攴,9,5,,,コ、ゆえ
枯,,075木,9,7S,,,コ、か-れる、か-らす
個,,009人,10,5,,,コ
庫,,053广,10,3,,,コ、（ク）
湖,,085水,12,3,,,コ、みずうみ
雇,,172隹,12,7S,,,コ、やと-う
誇,,149言,13,7S,,,コ、ほこ-る
鼓,,207鼓,13,7S,,,コ、つづみ
錮,,167金,16,7S,2010,,コ
顧,,181頁,21,7S,,,コ、かえり-みる
五,,007二,4,1,,,ゴ、いつ、いつ-つ
互,,007二,4,7S,,,ゴ、たが-い
午,,024十,4,2,,,ゴ
呉,吳[4],030口,7,7S,,,ゴ
後,,060彳,9,2,,,ゴ、コウ、のち、うし-ろ、あと、おく-れる
娯,娛[4],038女,10,7S,,,ゴ
悟,,061心,10,7S,,,ゴ、さと-る
碁,,112石,13,7S,,,ゴ
語,,149言,14,2,,,ゴ、かた-る、かた-らう
誤,,149言,14,6,,,ゴ、あやま-る
護,,149言,20,5,,,ゴ
口,,030口,3,1,,,コウ、ク、くち
工,,048工,3,2,,,コウ、ク
公,,012八,4,2,,,コウ、おおやけ
勾,,020勹,4,7S,2010,,コウ
孔,,039子,4,7S,,,コウ
功,,019力,5,4,,,コウ、（ク）
巧,,048工,5,7S,,,コウ、たく-み
広,廣,053广,5,2,,,コウ、ひろ-い、ひろ-まる、ひろ-める、ひろ-がる、ひろ-げる
甲,,102田,5,7S,,,コウ、カン
交,,008亠,6,2,,,コウ、まじ-わる、まじ-える、ま-じる、ま-ざる、ま-ぜる、か-う、か-わす
光,,010儿,6,2,,,コウ、ひか-る、ひかり
向,,030口,6,3,,,コウ、む-く、む-ける、む-かう、む-こう
后,,030口,6,6,,,コウ
好,,038女,6,4,,,コウ、この-む、す-く
江,,085水,6,7S,,,コウ、え
考,,125老,6,2,,,コウ、かんが-える
行,,144行,6,2,,,コウ、ギョウ、（アン）、い-く、ゆ-く、おこな-う
坑,,032土,7,7S,,,コウ
孝,,039子,7,6,,,コウ
抗,,064手,7,7S,,,コウ
攻,,066攴,7,7S,,,コウ、せ-める
更,,073曰,7,7S,,,コウ、さら、ふ-ける、ふ-かす
効,[4],019力,8,5,,,コウ、き-く
幸,,051干,8,3,,,コウ、さいわ-い、さち、しあわ-せ
拘,,064手,8,7S,,,コウ
肯,,130肉,8,7S,,,コウ
侯,,009人,9,7S,,,コウ
厚,,027厂,9,5,,,コウ、あつ-い
恒,恆,061心,9,7S,,,コウ
洪,,085水,9,7S,1981,,コウ
皇,,106白,9,6,,,コウ、オウ
紅,,120糸,9,6,,,コウ、（ク）、べに、くれない
荒,,140艸,9,7S,,,コウ、あら-い、あ-れる、あ-らす
郊,,163邑,9,7S,,,コウ
香,,186香,9,4,,,コウ、（キョウ）、か、かお-り、かお-る
候,,009人,10,4,,,コウ、そうろう
校,,075木,10,1,,,コウ
耕,,127耒,10,5,,,コウ、たがや-す
航,,137舟,10,5,,,コウ
貢,,154貝,10,7S,,,コウ、（ク）、みつ-ぐ
降,,170阜,10,6,,,コウ、お-りる、お-ろす、ふ-る
高,,189高,10,2,,,コウ、たか-い、たか、たか-まる、たか-める
康,,053广,11,4,,,コウ
控,,064手,11,7S,,,コウ、ひか-える
梗,,075木,11,7S,2010,,コウ
黄,黃,201黃,11,2,,,コウ、オウ、き、（こ）
喉,,030口,12,7S,2010,,コウ、のど
慌,,061心,12,7S,,,コウ、あわ-てる、あわ-ただしい
港,,085水,12,3,,,コウ、みなと
硬,,112石,12,7S,,,コウ、かた-い
絞,,120糸,12,7S,,,コウ、しぼ-る、し-める、し-まる
項,,181頁,12,7S,,,コウ
溝,,085水,13,7S,1981,,コウ、みぞ
鉱,鑛,167金,13,5,,,コウ
構,,075木,14,5,,,コウ、かま-える、かま-う
綱,,120糸,14,7S,,,コウ、つな
酵,,164酉,14,7S,,,コウ
稿,,115禾,15,7S,,,コウ
興,,134臼,16,5,,,コウ、キョウ、おこ-る、おこ-す
衡,,144行,16,7S,,,コウ
鋼,,167金,16,6,,,コウ、はがね
講,,149言,17,5,,,コウ
購,,154貝,17,7S,,,コウ
乞,,005乙,3,7S,2010,,こ-う
号,號,141虍,5,3,,,ゴウ
合,,030口,6,2,,,ゴウ、ガッ、（カッ）、あ-う、あ-わす、あ-わせる
拷,,064手,9,7S,,,ゴウ
剛,,018刀,10,7S,,,ゴウ
傲,,009人,13,7S,2010,,ゴウ
豪,,152豕,14,7S,,,ゴウ
克,,010儿,7,7S,,,コク
告,吿[4],030口,7,5,,,コク、つ-げる
谷,,150谷,7,2,,,コク、たに
刻,,018刀,8,6,,,コク、きざ-む
国,國,031囗,8,2,,,コク、くに
黒,黑,203黑,11,2,,,コク、くろ、くろ-い
穀,穀[9],115禾,14,6,,,コク
酷,,164酉,14,7S,,,コク
獄,,094犬,14,7S,,,ゴク
骨,,188骨,10,6,,,コツ、ほね
駒,,187馬,15,7S,2010,,こま
込,,162辵,5,7S,,,こ-む、こ-める
頃,,181頁,11,7S,2010,,ころ
今,,009人,4,2,,,コン、キン、いま
困,,031囗,7,6,,,コン、こま-る
昆,,072日,8,7S,1981,,コン
恨,,061心,9,7S,,,コン、うら-む、うら-めしい
根,,075木,10,3,,,コン、ね
婚,,038女,11,7S,,,コン
混,,085水,11,5,,,コン、ま-じる、ま-ざる、ま-ぜる、こ-む
痕,,104疒,11,7S,2010,,コン、あと
紺,,120糸,11,7S,,,コン
魂,,194鬼,14,7S,,,コン、たましい
墾,,032土,16,7S,,,コン
懇,,061心,17,7S,,,コン、ねんご-ろ
左,,048工,5,1,,,サ、ひだり
佐,,009人,7,4,,,サ
沙,,085水,7,7S,2010,,サ
査,,075木,9,5,,,サ
砂,,112石,9,6,,,サ、シャ、すな
唆,,030口,10,7S,,,サ、そそのか-す
差,,048工,10,4,,,サ、さ-す
詐,,149言,12,7S,,,サ
鎖,,167金,18,7S,,,サ、くさり
座,,053广,10,6,,,ザ、すわ-る
挫,,064手,10,7S,2010,,ザ
才,,064手,3,2,,,サイ
再,,013冂,6,5,,,サイ、（サ）、ふたた-び
災,,086火,7,5,,,サイ、わざわ-い
妻,,038女,8,5,,,サイ、つま
采,,165釆,8,7S,2010,,サイ
砕,碎,112石,9,7S,,,サイ、くだ-く、くだ-ける
宰,,040宀,10,7S,,,サイ
栽,,075木,10,7S,,,サイ
彩,,059彡,11,7S,,,サイ、いろど-る
採,,064手,11,5,,,サイ、と-る
済,濟,085水,11,6,,,サイ、す-む、す-ます
祭,,113示,11,3,,,サイ、まつ-る、まつ-り
斎,齋,210齊,11,7S,,,サイ
細,,120糸,11,2,,,サイ、ほそ-い、ほそ-る、こま-か、こま-かい
菜,,140艸,11,4,,,サイ、な
最,,073曰,12,4,,,サイ、もっと-も
裁,,145衣,12,6,,,サイ、た-つ、さば-く
債,,009人,13,7S,,,サイ
催,,009人,13,7S,,,サイ、もよお-す
塞,,032土,13,7S,2010,,サイ、ソク、ふさ-ぐ、ふさ-がる
歳,歲[4],077止,13,7S,,,サイ、（セイ）
載,,159車,13,7S,,,サイ、の-せる、の-る
際,,170阜,14,5,,,サイ、きわ
埼,,032土,11,4,2010,,（さい）[10]
在,,032土,6,5,,,ザイ、あ-る
材,,075木,7,4,,,ザイ
剤,劑,018刀,10,7S,,,ザイ
財,,154貝,10,5,,,ザイ、（サイ）
罪,,122网,13,5,,,ザイ、つみ
崎,,046山,11,4,1981,,さき
作,,009人,7,2,,,サク、サ、つく-る
削,,018刀,9,7S,,,サク、けず-る
昨,,072日,9,4,,,サク
柵[12],,075木,9,7S,2010,,サク
索,,120糸,10,7S,,,サク
策,,118竹,12,6,,,サク
酢,,164酉,12,7S,,,サク、す
搾,,064手,13,7S,,,サク、しぼ-る
錯,,167金,16,7S,,,サク
咲,,030口,9,7S,,,さ-く
冊,册[4],013冂,5,6,,,サツ、サク
札,,075木,5,4,,,サツ、ふだ
刷,,018刀,8,4,,,サツ、す-る
刹,,018刀,8,7S,2010,,サツ、セツ
拶,,064手,9,7S,2010,,サツ
殺,殺[9],079殳,10,5,,,サツ、（サイ）、（セツ）、ころ-す
察,,040宀,14,4,,,サツ
撮,,064手,15,7S,,,サツ、と-る
擦,,064手,17,7S,,,サツ、す-る、す-れる
雑,雜,172隹,14,5,,,ザツ、ゾウ
皿,,108皿,5,3,1981,,さら
三,,001一,3,1,,,サン、み、み-つ、みっ-つ
山,,046山,3,1,,,サン、やま
参,參,028厶,8,4,,,サン、まい-る
桟,棧,075木,10,7S,1981,,サン
蚕,蠶,142虫,10,6,,,サン、かいこ
惨,慘,061心,11,7S,,,サン、ザン、みじ-め
産,產[4],100生,11,4,,,サン、う-む、う-まれる、うぶ
傘,,009人,12,7S,1981,,サン、かさ
散,,066攴,12,4,,,サン、ち-る、ち-らす、ち-らかす、ち-らかる
算,,118竹,14,2,,,サン
酸,,164酉,14,5,,,サン、す-い
賛,贊,154貝,15,5,,,サン
残,殘,078歹,10,4,,,ザン、のこ-る、のこ-す
斬,,069斤,11,7S,2010,,ザン、き-る
暫,,072日,15,7S,,,ザン
士,,033士,3,5,,,シ
子,,039子,3,1,,,シ、ス、こ
支,,065支,4,5,,,シ、ささ-える
止,,077止,4,2,,,シ、と-まる、と-める
氏,,083氏,4,4,,,シ、うじ
仕,,009人,5,3,,,シ、（ジ）、つか-える
史,,030口,5,5,,,シ
司,,030口,5,4,,,シ
四,,031囗,5,1,,,シ、よ、よ-つ、よっ-つ、よん
市,,050巾,5,2,,,シ、いち
矢,,111矢,5,2,,,シ、や
旨,,072日,6,7S,,,シ、むね
死,,078歹,6,3,,,シ、し-ぬ
糸,絲,120糸,6,1,,,シ、いと
至,,133至,6,6,,,シ、いた-る
伺,,009人,7,7S,,,シ、うかが-う
志,,061心,7,5,,,シ、こころざ-す、こころざし
私,,115禾,7,6,,,シ、わたくし、わたし
使,,009人,8,3,,,シ、つか-う
刺,,018刀,8,7S,,,シ、さ-す、さ-さる
始,,038女,8,3,,,シ、はじ-める、はじ-まる
姉,,038女,8,2,,,シ、あね
枝,,075木,8,5,,,シ、えだ
祉,祉[9],113示,8,7S,,,シ
肢,,130肉,8,7S,1981,,シ
姿,,038女,9,6,,,シ、すがた
思,,061心,9,2,,,シ、おも-う
指,,064手,9,3,,,シ、ゆび、さ-す
施,,070方,9,7S,,,シ、セ、ほどこ-す
師,,050巾,10,5,,,シ
恣[6][12],,061心,10,7S,2010,,シ
紙,,120糸,10,2,,,シ、かみ
脂,,130肉,10,7S,,,シ、あぶら
視,視[9],147見,11,6,,,シ
紫,,120糸,12,7S,,,シ、むらさき
詞,,149言,12,6,,,シ
歯,齒,211齒,12,3,,,シ、は
嗣,,030口,13,7S,,,シ
試,,149言,13,4,,,シ、こころ-みる、ため-す
詩,,149言,13,3,,,シ
資,,154貝,13,5,,,シ
飼,飼[4][9],184食,13,5,,,シ、か-う
誌,,149言,14,6,,,シ
雌,,172隹,14,7S,,,シ、め、めす
摯,,064手,15,7S,2010,,シ
賜,,154貝,15,7S,,,シ、たまわ-る
諮,,149言,16,7S,,,シ、はか-る
示,,113示,5,5,,,ジ、シ、しめ-す
字,,039子,6,1,,,ジ、あざ
寺,,041寸,6,2,,,ジ、てら
次,,076欠,6,3,,,ジ、シ、つ-ぐ、つぎ
耳,,128耳,6,1,,,ジ、みみ
自,,132自,6,2,,,ジ、シ、みずか-ら
似,,009人,7,5,,,ジ、に-る
児,兒,010儿,7,4,,,ジ、（ニ）
事,,006亅,8,3,,,ジ、（ズ）、こと
侍,,009人,8,7S,,,ジ、さむらい
治,,085水,8,4,,,ジ、チ、おさ-める、おさ-まる、なお-る、なお-す
持,,064手,9,3,,,ジ、も-つ
時,,072日,10,2,,,ジ、とき
滋,,085水,12,4,,,ジ
慈,,061心,13,7S,,,ジ、いつく-しむ
辞,辭,160辛,13,4,,,ジ、や-める
磁,,112石,14,6,,,ジ
餌[6][13],,184食,15,7S,2010,,ジ、えさ、え
璽,,096玉,19,7S,,,ジ
鹿,,198鹿,11,4,2010,,しか、（か）
式,,056弋,6,3,,,シキ
識,,149言,19,5,,,シキ
軸,,159車,12,7S,,,ジク
七,,001一,2,1,,,シチ、なな、なな-つ、（なの）
𠮟-叱[5],,030口,5,7S,2010,,シツ、しか-る
失,,037大,5,4,,,シツ、うしな-う
室,,040宀,9,2,,,シツ、むろ
疾,,104疒,10,7S,,,シツ
執,,032土,11,7S,,,シツ、シュウ、と-る
湿,濕,085水,12,7S,,,シツ、しめ-る、しめ-す
嫉,,038女,13,7S,2010,,シツ
漆,,085水,14,7S,,,シツ、うるし
質,,154貝,15,5,,,シツ、シチ、（チ）
実,實,040宀,8,3,,,ジツ、み、みの-る
芝,,140艸,6,7S,,,しば
写,寫,040宀,5,3,,,シャ、うつ-す、うつ-る
社,社[9],113示,7,2,,,シャ、やしろ
車,,159車,7,1,,,シャ、くるま
舎,舍[4],135舌,8,5,,,シャ
者,者[9],125老,8,3,,,シャ、もの
射,,041寸,10,6,,,シャ、い-る
捨,,064手,11,6,,,シャ、す-てる
赦,,155赤,11,7S,,,シャ
斜,,068斗,11,7S,,,シャ、なな-め
煮,煮[9],086火,12,7S,,,シャ、に-る、に-える、に-やす
遮,,162辵,14,7S,1981,,シャ、さえぎ-る
謝,,149言,17,5,,,シャ、あやま-る
邪,,163邑,8,7S,,,ジャ
蛇,,142虫,11,7S,1981,,ジャ、ダ、へび
勺,,020勹,3,8,,2010,シャク
尺,,044尸,4,6,,,シャク
借,,009人,10,4,,,シャク、か-りる
酌,,164酉,10,7S,1981,,シャク、く-む
釈,釋,165釆,11,7S,,,シャク
爵,,087爪,17,7S,,,シャク
若,,140艸,8,6,,,ジャク、（ニャク）、わか-い、も-しくは
弱,,057弓,10,2,,,ジャク、よわ-い、よわ-る、よわ-まる、よわ-める
寂,,040宀,11,7S,,,ジャク、（セキ）、さび、さび-しい、さび-れる
手,,064手,4,1,,,シュ、て、（た）
主,,003丶,5,3,,,シュ、（ス）、ぬし、おも
守,,040宀,6,3,,,シュ、（ス）、まも-る、も-り
朱,,075木,6,7S,,,シュ
取,,029又,8,3,,,シュ、と-る
狩,,094犬,9,7S,,,シュ、か-る、か-り
首,,185首,9,2,,,シュ、くび
殊,,078歹,10,7S,,,シュ、こと
珠,,096玉,10,7S,,,シュ
酒,,164酉,10,3,,,シュ、さけ、（さか）
腫,,130肉,13,7S,2010,,シュ、は-れる、は-らす
種,,115禾,14,4,,,シュ、たね
趣,,156走,15,7S,,,シュ、おもむき
寿,壽,033士,7,7S,,,ジュ、ことぶき
受,,029又,8,3,,,ジュ、う-ける、う-かる
呪,,030口,8,7S,2010,,ジュ、のろ-う
授,,064手,11,5,,,ジュ、さず-ける、さず-かる
需,,173雨,14,7S,,,ジュ
儒,,009人,16,7S,,,ジュ
樹,,075木,16,6,,,ジュ
収,收,066攴,4,6,,,シュウ、おさ-める、おさ-まる
囚,,031囗,5,7S,,,シュウ
州,,047巛,6,3,,,シュウ、す
舟,,137舟,6,7S,,,シュウ、ふね、（ふな）
秀,,115禾,7,7S,,,シュウ、ひい-でる
周,,030口,8,4,,,シュウ、まわ-り
宗,,040宀,8,6,,,シュウ、ソウ
拾,,064手,9,3,,,シュウ、ジュウ、ひろ-う
秋,,115禾,9,2,,,シュウ、あき
臭,臭[9],132自,9,7S,,,シュウ、くさ-い、にお-う
修,,009人,10,5,,,シュウ、（シュ）、おさ-める、おさ-まる
袖,,145衣,10,7S,2010,,シュウ、そで
終,,120糸,11,3,,,シュウ、お-わる、お-える
羞,,123羊,11,7S,2010,,シュウ
習,,124羽,11,3,,,シュウ、なら-う
週,,162辵,11,2,,,シュウ
就,,043尢,12,6,,,シュウ、（ジュ）、つ-く、つ-ける
衆,,143血,12,6,,,シュウ、（シュ）
集,,172隹,12,3,,,シュウ、あつ-まる、あつ-める、つど-う
愁,,061心,13,7S,,,シュウ、うれ-える、うれ-い
酬,,164酉,13,7S,,,シュウ
醜,,164酉,17,7S,,,シュウ、みにく-い
蹴,,157足,19,7S,2010,,シュウ、け-る
襲,,145衣,22,7S,,,シュウ、おそ-う
十,,024十,2,1,,,ジュウ、ジッ、とお、と
汁,,085水,5,7S,1981,,ジュウ、しる
充,,010儿,6,7S,,,ジュウ、あ-てる
住,,009人,7,3,,,ジュウ、す-む、す-まう
柔,,075木,9,7S,,,ジュウ、ニュウ、やわ-らか、やわ-らかい
重,,166里,9,3,,,ジュウ、チョウ、え、おも-い、かさ-ねる、かさ-なる
従,從,060彳,10,6,,,ジュウ、（ショウ）、（ジュ）、したが-う、したが-える
渋,澁,085水,11,7S,,,ジュウ、しぶ、しぶ-い、しぶ-る
銃,,167金,14,7S,,,ジュウ
獣,獸,094犬,16,7S,,,ジュウ、けもの
縦,縱,120糸,16,6,,,ジュウ、たて
叔,,029又,8,7S,,,シュク
祝,祝[9],113示,9,4,,,シュク、（シュウ）、いわ-う
宿,,040宀,11,3,,,シュク、やど、やど-る、やど-す
淑,,085水,11,7S,,,シュク
粛,肅,129聿,11,7S,,,シュク
縮,,120糸,17,6,,,シュク、ちぢ-む、ちぢ-まる、ちぢ-める、ちぢ-れる、ちぢ-らす
塾,,032土,14,7S,1981,,ジュク
熟,,086火,15,6,,,ジュク、う-れる
出,,017凵,5,1,,,シュツ、（スイ）、で-る、だ-す
述,,162辵,8,5,,,ジュツ、の-べる
術,,144行,11,5,,,ジュツ
俊,,009人,9,7S,,,シュン
春,,072日,9,2,,,シュン、はる
瞬,,109目,18,7S,,,シュン、またた-く
旬,,072日,6,7S,,,ジュン、（シュン）
巡,,047巛,6,7S,,,ジュン、めぐ-る
盾,,109目,9,7S,,,ジュン、たて
准,,015冫,10,7S,,,ジュン
殉,,078歹,10,7S,,,ジュン
純,,120糸,10,6,,,ジュン
循,,060彳,12,7S,,,ジュン
順,,181頁,12,4,,,ジュン
準,,085水,13,5,,,ジュン
潤,,085水,15,7S,,,ジュン、うるお-う、うるお-す、うる-む
遵,,162辵,15,7S,,,ジュン
処,處,141虍,5,6,,,ショ
初,,018刀,7,4,,,ショ、はじ-め、はじ-めて、はつ、うい、そ-める
所,,063戶,8,3,,,ショ、ところ
書,,073曰,10,2,,,ショ、か-く
庶,,053广,11,7S,,,ショ
暑,暑[9],072日,12,3,,,ショ、あつ-い
署,署[9],122网,13,6,,,ショ
緒,緖,120糸,14,7S,,,ショ、（チョ）、お
諸,諸[9],149言,15,6,,,ショ
女,,038女,3,1,,,ジョ、ニョ、（ニョウ）、おんな、め
如,,038女,6,7S,,,ジョ、ニョ
助,,019力,7,3,,,ジョ、たす-ける、たす-かる、すけ
序,,053广,7,5,,,ジョ
叙,敍,066攴,9,7S,,,ジョ
徐,,060彳,10,7S,,,ジョ
除,,170阜,10,6,,,ジョ、（ジ）、のぞ-く
小,,042小,3,1,,,ショウ、ちい-さい、こ、お
升,,024十,4,7S,,,ショウ、ます
少,,042小,4,2,,,ショウ、すく-ない、すこ-し
召,,030口,5,7S,,,ショウ、め-す
匠,,022匚,6,7S,,,ショウ
床,,053广,7,7S,,,ショウ、とこ、ゆか
抄,,064手,7,7S,,,ショウ
肖,,130肉,7,7S,,,ショウ
尚,尙[4],042小,8,7S,1981,,ショウ
招,,064手,8,5,,,ショウ、まね-く
承,,064手,8,6,,,ショウ、うけたまわ-る
昇,,072日,8,7S,,,ショウ、のぼ-る
松,,075木,8,4,,,ショウ、まつ
沼,,085水,8,7S,,,ショウ、ぬま
昭,,072日,9,3,,,ショウ
宵,,040宀,10,7S,1981,,ショウ、よい
将,將,041寸,10,6,,,ショウ
消,,085水,10,3,,,ショウ、き-える、け-す
症,,104疒,10,7S,,,ショウ
祥,祥[9],113示,10,7S,,,ショウ
称,稱,115禾,10,7S,,,ショウ
笑,,118竹,10,4,,,ショウ、わら-う、え-む
唱,,030口,11,4,,,ショウ、とな-える
商,,030口,11,3,,,ショウ、あきな-う
渉,涉,085水,11,7S,,,ショウ
章,,117立,11,3,,,ショウ
紹,,120糸,11,7S,,,ショウ
訟,,149言,11,7S,,,ショウ
勝,,019力,12,3,,,ショウ、か-つ、まさ-る
掌,,064手,12,7S,,,ショウ
晶,,072日,12,7S,,,ショウ
焼,燒,086火,12,4,,,ショウ、や-く、や-ける
焦,,086火,12,7S,,,ショウ、こ-げる、こ-がす、こ-がれる、あせ-る
硝,,112石,12,7S,,,ショウ
粧,,119米,12,7S,,,ショウ
詔,,149言,12,7S,,,ショウ、みことのり
証,證,149言,12,5,,,ショウ
象,,152豕,12,5,,,ショウ、ゾウ
傷,,009人,13,6,,,ショウ、きず、いた-む、いた-める
奨,奬,037大,13,7S,,,ショウ
照,,086火,13,4,,,ショウ、て-る、て-らす、て-れる
詳,,149言,13,7S,,,ショウ、くわ-しい
彰,,059彡,14,7S,,,ショウ
障,,170阜,14,6,,,ショウ、さわ-る
憧,,061心,15,7S,2010,,ショウ、あこが-れる
衝,,144行,15,7S,,,ショウ
賞,,154貝,15,5,,,ショウ
償,,009人,17,7S,,,ショウ、つぐな-う
礁,,112石,17,7S,,,ショウ
鐘,,167金,20,7S,,,ショウ、かね
上,,001一,3,1,,,ジョウ、（ショウ）、うえ、（うわ）、かみ、あ-げる、あ-がる、のぼ-る、のぼ-せる、のぼ-す
丈,,001一,3,7S,,,ジョウ、たけ
冗,,014冖,4,7S,,,ジョウ
条,條,075木,7,5,,,ジョウ
状,狀,094犬,7,5,,,ジョウ
乗,乘,004丿,9,3,,,ジョウ、の-る、の-せる
城,,032土,9,4,,,ジョウ、しろ
浄,淨,085水,9,7S,,,ジョウ
剰,剩,018刀,11,7S,,,ジョウ
常,,050巾,11,5,,,ジョウ、つね、とこ
情,,061心,11,5,,,ジョウ、（セイ）、なさ-け
場,,032土,12,2,,,ジョウ、ば
畳,疊,102田,12,7S,,,ジョウ、たた-む、たたみ
蒸,,140艸,13,6,,,ジョウ、む-す、む-れる、む-らす
縄,繩,120糸,15,4,1981,,ジョウ、なわ
壌,壤,032土,16,7S,1981,,ジョウ
嬢,孃,038女,16,7S,,,ジョウ
錠,,167金,16,7S,,,ジョウ
譲,讓,149言,20,7S,,,ジョウ、ゆず-る
醸,釀,164酉,20,7S,,,ジョウ、かも-す
色,,139色,6,2,,,ショク、シキ、いろ
拭,,064手,9,7S,2010,,ショク、ふ-く、ぬぐ-う
食,,184食,9,2,,,ショク、（ジキ）、く-う、く-らう、た-べる
植,,075木,12,3,,,ショク、う-える、う-わる
殖,,078歹,12,7S,,,ショク、ふ-える、ふ-やす
飾,,184食,13,7S,,,ショク、かざ-る
触,觸,148角,13,7S,,,ショク、ふ-れる、さわ-る
嘱,囑,030口,15,7S,,,ショク
織,,120糸,18,5,,,ショク、シキ、お-る
職,,128耳,18,5,,,ショク
辱,,161辰,10,7S,,,ジョク、はずかし-める
尻,,044尸,5,7S,2010,,しり
心,,061心,4,2,,,シン、こころ
申,,102田,5,3,,,シン、もう-す
伸,,009人,7,7S,,,シン、の-びる、の-ばす、の-べる
臣,,131臣,7,4,,,シン、ジン
芯,,140艸,7,7S,2010,,シン
身,,158身,7,3,,,シン、み
辛,,160辛,7,7S,,,シン、から-い
侵,,009人,9,7S,,,シン、おか-す
信,,009人,9,4,,,シン
津,,085水,9,7S,,,シン、つ
神,神[9],113示,9,3,,,シン、ジン、かみ、（かん）、（こう）
唇,,030口,10,7S,1981,,シン、くちびる
娠,,038女,10,7S,,,シン
振,,064手,10,7S,,,シン、ふ-る、ふ-るう、ふ-れる
浸,,085水,10,7S,,,シン、ひた-す、ひた-る
真,眞,109目,10,3,,,シン、ま
針,,167金,10,6,,,シン、はり
深,,085水,11,3,,,シン、ふか-い、ふか-まる、ふか-める
紳,,120糸,11,7S,,,シン
進,,162辵,11,3,,,シン、すす-む、すす-める
森,,075木,12,1,,,シン、もり
診,,149言,12,7S,,,シン、み-る
寝,寢,040宀,13,7S,,,シン、ね-る、ね-かす
慎,愼,061心,13,7S,,,シン、つつし-む
新,,069斤,13,2,,,シン、あたら-しい、あら-た、にい
審,,040宀,15,7S,,,シン
震,,173雨,15,7S,,,シン、ふる-う、ふる-える
薪,,140艸,16,7S,,,シン、たきぎ
親,,147見,16,2,,,シン、おや、した-しい、した-しむ
人,,009人,2,1,,,ジン、ニン、ひと
刃,,018刀,3,7S,,,ジン、は
仁,,009人,4,6,,,ジン、（ニ）
尽,盡,108皿,6,7S,,,ジン、つ-くす、つ-きる、つ-かす
迅,,162辵,6,7S,,,ジン
甚,,099甘,9,7S,1981,,ジン、はなは-だ、はなは-だしい
陣,,170阜,10,7S,,,ジン
尋,,041寸,12,7S,,,ジン、たず-ねる
腎,,130肉,13,7S,2010,,ジン
須,,181頁,12,7S,2010,,ス
図,圖,031囗,7,2,,,ズ、ト、はか-る
水,,085水,4,1,,,スイ、みず
吹,,030口,7,7S,,,スイ、ふ-く
垂,,032土,8,6,,,スイ、た-れる、た-らす
炊,,086火,8,7S,,,スイ、た-く
帥,,050巾,9,7S,,,スイ
粋,粹,119米,10,7S,,,スイ、いき
衰,,145衣,10,7S,,,スイ、おとろ-える
推,,064手,11,6,,,スイ、お-す
酔,醉,164酉,11,7S,,,スイ、よ-う
遂,,162辵,12,7S,,,スイ、と-げる
睡,,109目,13,7S,,,スイ
穂,穗,115禾,15,7S,,,スイ、ほ
錘,,167金,16,8,,2010,スイ、つむ
随,隨,170阜,12,7S,,,ズイ
髄,髓,188骨,19,7S,,,ズイ
枢,樞,075木,8,7S,,,スウ
崇,,046山,11,7S,,,スウ
数,數,066攴,13,2,,,スウ、（ス）、かず、かぞ-える
据,,064手,11,7S,1981,,す-える、す-わる
杉,,075木,7,7S,1981,,すぎ
裾,,145衣,13,7S,2010,,すそ
寸,,041寸,3,6,,,スン
瀬,瀨,085水,19,7S,,,せ
是,,072日,9,7S,,,ゼ
井,,007二,4,4,,,セイ、（ショウ）、い
世,,001一,5,3,,,セイ、セ、よ
正,,077止,5,1,,,セイ、ショウ、ただ-しい、ただ-す、まさ
生,,100生,5,1,,,セイ、ショウ、い-きる、い-かす、い-ける、う-まれる、う-む、お-う、は-える、は-やす、き、なま
成,,062戈,6,4,,,セイ、（ジョウ）、な-る、な-す
西,,146襾,6,2,,,セイ、サイ、にし
声,聲,128耳,7,2,,,セイ、（ショウ）、こえ、（こわ）
制,,018刀,8,5,,,セイ
姓,,038女,8,7S,,,セイ、ショウ
征,,060彳,8,7S,,,セイ
性,,061心,8,5,,,セイ、ショウ
青,靑[4],174靑,8,1,,,セイ、（ショウ）、あお、あお-い
斉,齊,210齊,8,7S,1981,,セイ
政,,066攴,9,5,,,セイ、（ショウ）、まつりごと
星,,072日,9,2,,,セイ、（ショウ）、ほし
牲,,093牛,9,7S,,,セイ
省,,109目,9,4,,,セイ、ショウ、かえり-みる、はぶ-く
凄,,015冫,10,7S,2010,,セイ
逝,,162辵,10,7S,1981,,セイ、ゆ-く、い-く
清,淸[4],085水,11,4,,,セイ、（ショウ）、きよ-い、きよ-まる、きよ-める
盛,,108皿,11,6,,,セイ、（ジョウ）、も-る、さか-る、さか-ん
婿,,038女,12,7S,,,セイ、むこ
晴,晴[4][9],072日,12,2,,,セイ、は-れる、は-らす
勢,,019力,13,5,,,セイ、いきお-い
聖,,128耳,13,6,,,セイ
誠,,149言,13,6,,,セイ、まこと
精,精[4][9],119米,14,5,,,セイ、（ショウ）
製,,145衣,14,5,,,セイ
誓,,149言,14,7S,,,セイ、ちか-う
静,靜,174靑,14,4,,,セイ、（ジョウ）、しず、しず-か、しず-まる、しず-める
請,,149言,15,7S,,,セイ、（シン）、こ-う、う-ける
整,,066攴,16,3,,,セイ、ととの-える、ととの-う
醒,,164酉,16,7S,2010,,セイ
税,稅[4],115禾,12,5,,,ゼイ
夕,,036夕,3,1,,,セキ、ゆう
斥,,069斤,5,7S,,,セキ
石,,112石,5,1,,,セキ、（シャク）、（コク）、いし
赤,,155赤,7,1,,,セキ、（シャク）、あか、あか-い、あか-らむ、あか-らめる
昔,,072日,8,3,,,セキ、（シャク）、むかし
析,,075木,8,7S,,,セキ
席,,050巾,10,4,,,セキ
脊,,130肉,10,7S,2010,,セキ
隻,,172隹,10,7S,,,セキ
惜,,061心,11,7S,,,セキ、お-しい、お-しむ
戚,,062戈,11,7S,2010,,セキ
責,,154貝,11,5,,,セキ、せ-める
跡,,157足,13,7S,,,セキ、あと
積,,115禾,16,4,,,セキ、つ-む、つ-もる
績,,120糸,17,5,,,セキ
籍,,118竹,20,7S,,,セキ
切,,018刀,4,2,,,セツ、（サイ）、き-る、き-れる
折,,064手,7,4,,,セツ、お-る、おり、お-れる
拙,,064手,8,7S,,,セツ、つたな-い
窃,竊,116穴,9,7S,,,セツ
接,,064手,11,5,,,セツ、つ-ぐ
設,,149言,11,5,,,セツ、もう-ける
雪,,173雨,11,2,,,セツ、ゆき
摂,攝,064手,13,7S,,,セツ
節,節[9],118竹,13,4,,,セツ、（セチ）、ふし
説,說[4],149言,14,4,,,セツ、（ゼイ）、と-く
舌,,135舌,6,6,,,ゼツ、した
絶,絕[4],120糸,12,5,,,ゼツ、た-える、た-やす、た-つ
千,,024十,3,1,,,セン、ち
川,,047巛,3,1,,,セン、かわ
仙,,009人,5,7S,1981,,セン
占,,025卜,5,7S,,,セン、し-める、うらな-う
先,,010儿,6,1,,,セン、さき
宣,,040宀,9,6,,,セン
専,專,041寸,9,6,,,セン、もっぱ-ら
泉,,085水,9,6,,,セン、いずみ
浅,淺,085水,9,4,,,セン、あさ-い
洗,,085水,9,6,,,セン、あら-う
染,,075木,9,6,,,セン、そ-める、そ-まる、し-みる、し-み
扇,,063戶,10,7S,,,セン、おうぎ
栓,,075木,10,7S,1981,,セン
旋,,070方,11,7S,,,セン
船,,137舟,11,2,,,セン、ふね、（ふな）
戦,戰,062戈,13,4,,,セン、いくさ、たたか-う
煎[6][11][12],,086火,13,7S,2010,,セン、い-る
羨,,123羊,13,7S,2010,,セン、うらや-む、うらや-ましい
腺,,130肉,13,7S,2010,,セン
詮[6][11],,149言,13,7S,2010,,セン
践,踐,157足,13,7S,,,セン
箋[6],,118竹,14,7S,2010,,セン
銭,錢,167金,14,6,,,セン、ぜに
銑,,167金,14,8,,2010,セン
潜,潛,085水,15,7S,,,セン、ひそ-む、もぐ-る
線,,120糸,15,2,,,セン
遷,,162辵,15,7S,,,セン
選,,162辵,15,4,,,セン、えら-ぶ
薦,,140艸,16,7S,,,セン、すす-める
繊,纖,120糸,17,7S,,,セン
鮮,,195魚,17,7S,,,セン、あざ-やか
全,,011入,6,3,,,ゼン、まった-く、すべ-て
前,,018刀,9,2,,,ゼン、まえ
善,,030口,12,6,,,ゼン、よ-い
然,,086火,12,4,,,ゼン、ネン
禅,禪,113示,13,7S,,,ゼン
漸,,085水,14,7S,,,ゼン
膳,,130肉,16,7S,2010,,ゼン
繕,,120糸,18,7S,,,ゼン、つくろ-う
狙,,094犬,8,7S,2010,,ソ、ねら-う
阻,,170阜,8,7S,,,ソ、はば-む
祖,祖[9],113示,9,5,,,ソ
租,,115禾,10,7S,,,ソ
素,,120糸,10,5,,,ソ、ス
措,,064手,11,7S,,,ソ
粗,,119米,11,7S,,,ソ、あら-い
組,,120糸,11,2,,,ソ、く-む、くみ
疎,,103疋,12,7S,,,ソ、うと-い、うと-む
訴,,149言,12,7S,,,ソ、うった-える
塑,,032土,13,7S,,,ソ
遡[8][13],,162辵,14,7S,2010,,ソ、さかのぼ-る
礎,,112石,18,7S,,,ソ、いしずえ
双,雙,172隹,4,7S,,,ソウ、ふた
壮,壯,033士,6,7S,,,ソウ
早,,072日,6,1,,,ソウ、（サッ）、はや-い、はや-まる、はや-める
争,爭,087爪,6,4,,,ソウ、あらそ-う
走,,156走,7,2,,,ソウ、はし-る
奏,,037大,9,6,,,ソウ、かな-でる
相,,109目,9,3,,,ソウ、ショウ、あい
荘,莊,140艸,9,7S,,,ソウ
草,,140艸,9,1,,,ソウ、くさ
送,,162辵,9,3,,,ソウ、おく-る
倉,,009人,10,4,,,ソウ、くら
捜,搜,064手,10,7S,,,ソウ、さが-す
挿,揷[4],064手,10,7S,1981,,ソウ、さ-す
桑,,075木,10,7S,,,ソウ、くわ
巣,巢,047巛,11,4,,,ソウ、す
掃,,064手,11,7S,,,ソウ、は-く
曹,,073曰,11,7S,1981,,ソウ
曽,曾,073曰,11,7S,2010,,ソウ、（ゾ）
爽,,089爻,11,7S,2010,,ソウ、さわ-やか
窓,,116穴,11,6,,,ソウ、まど
創,,018刀,12,6,,,ソウ、つく-る
喪,,030口,12,7S,,,ソウ、も
痩,瘦,104疒,12,7S,2010,,ソウ、や-せる
葬,,140艸,12,7S,,,ソウ、ほうむ-る
装,裝,145衣,12,6,,,ソウ、ショウ、よそお-う
僧,僧[9],009人,13,7S,,,ソウ
想,,061心,13,3,,,ソウ、（ソ）
層,層[9],044尸,14,6,,,ソウ
総,總,120糸,14,5,,,ソウ
遭,,162辵,14,7S,,,ソウ、あ-う
槽,,075木,15,7S,1981,,ソウ
踪,,157足,15,7S,2010,,ソウ
操,,064手,16,6,,,ソウ、みさお、あやつ-る
燥,,086火,17,7S,,,ソウ
霜,,173雨,17,7S,,,ソウ、しも
騒,騷,187馬,18,7S,,,ソウ、さわ-ぐ
藻,,140艸,19,7S,1981,,ソウ、も
造,,162辵,10,5,,,ゾウ、つく-る
像,,009人,14,5,,,ゾウ
増,增,032土,14,5,,,ゾウ、ま-す、ふ-える、ふ-やす
憎,憎[9],061心,14,7S,,,ゾウ、にく-む、にく-い、にく-らしい、にく-しみ
蔵,藏,140艸,15,6,,,ゾウ、くら
贈,贈[9],154貝,18,7S,,,ゾウ、（ソウ）、おく-る
臓,臟,130肉,19,6,,,ゾウ
即,卽,026卩,7,7S,,,ソク
束,,075木,7,4,,,ソク、たば
足,,157足,7,1,,,ソク、あし、た-りる、た-る、た-す
促,,009人,9,7S,,,ソク、うなが-す
則,,018刀,9,5,,,ソク
息,,061心,10,3,,,ソク、いき
捉,,064手,10,7S,2010,,ソク、とら-える
速,,162辵,10,3,,,ソク、はや-い、はや-める、はや-まる、すみ-やか
側,,009人,11,4,,,ソク、がわ
測,,085水,12,5,,,ソク、はか-る
俗,,009人,9,7S,,,ゾク
族,,070方,11,3,,,ゾク
属,屬,044尸,12,5,,,ゾク
賊,,154貝,13,7S,,,ゾク
続,續,120糸,13,4,,,ゾク、つづ-く、つづ-ける
卒,,024十,8,4,,,ソツ
率,,095玄,11,5,,,ソツ、リツ、ひき-いる
存,,039子,6,6,,,ソン、ゾン
村,,075木,7,1,,,ソン、むら
孫,,039子,10,4,,,ソン、まご
尊,,041寸,12,6,,,ソン、たっと-い、とうと-い、たっと-ぶ、とうと-ぶ
損,,064手,13,5,,,ソン、そこ-なう、そこ-ねる
遜[8][13],,162辵,14,7S,2010,,ソン
他,,009人,5,3,,,タ、ほか
多,,036夕,6,2,,,タ、おお-い
汰,,085水,7,7S,2010,,タ
打,,064手,5,3,,,ダ、う-つ
妥,,038女,7,7S,,,ダ
唾,,030口,11,7S,2010,,ダ、つば
堕,墮,032土,12,7S,,,ダ
惰,,061心,12,7S,,,ダ
駄,,187馬,14,7S,1981,,ダ
太,,037大,4,2,,,タイ、タ、ふと-い、ふと-る
対,對,041寸,7,3,,,タイ、ツイ
体,體,188骨,7,2,,,タイ、テイ、からだ
耐,,126而,9,7S,,,タイ、た-える
待,,060彳,9,3,,,タイ、ま-つ
怠,,061心,9,7S,,,タイ、おこた-る、なま-ける
胎,,130肉,9,7S,,,タイ
退,,162辵,9,6,,,タイ、しりぞ-く、しりぞ-ける
帯,帶,050巾,10,4,,,タイ、お-びる、おび
泰,,085水,10,7S,,,タイ
堆,,032土,11,7S,2010,,タイ
袋,,145衣,11,7S,,,タイ、ふくろ
逮,,162辵,11,7S,,,タイ
替,,073曰,12,7S,,,タイ、か-える、か-わる
貸,,154貝,12,5,,,タイ、か-す
隊,,170阜,12,4,,,タイ
滞,滯,085水,13,7S,,,タイ、とどこお-る
態,,061心,14,5,,,タイ
戴,,062戈,17,7S,2010,,タイ
大,,037大,3,1,,,ダイ、タイ、おお、おお-きい、おお-いに
代,,009人,5,3,,,ダイ、タイ、か-わる、か-える、よ、しろ
台,臺,133至,5,2,,,ダイ、タイ
第,,118竹,11,3,,,ダイ
題,,181頁,18,3,,,ダイ
滝,瀧,085水,13,7S,,,たき
宅,,040宀,6,6,,,タク
択,擇,064手,7,7S,,,タク
沢,澤,085水,7,7S,,,タク、さわ
卓,,024十,8,7S,,,タク
拓,,064手,8,7S,,,タク
託,,149言,10,7S,,,タク
濯,,085水,17,7S,1981,,タク
諾,,149言,15,7S,,,ダク
濁,,085水,16,7S,,,ダク、にご-る、にご-す
但,,009人,7,7S,,,ただ-し
達,,162辵,12,4,,,タツ
脱,脫[4],130肉,11,7S,,,ダツ、ぬ-ぐ、ぬ-げる
奪,,037大,14,7S,,,ダツ、うば-う
棚,,075木,12,7S,1981,,たな
誰,,149言,15,7S,2010,,だれ
丹,,003丶,4,7S,,,タン
旦,,072日,5,7S,2010,,タン、ダン
担,擔,064手,8,6,,,タン、かつ-ぐ、にな-う
単,單,030口,9,4,,,タン
炭,,086火,9,3,,,タン、すみ
胆,膽,130肉,9,7S,,,タン
探,,064手,11,6,,,タン、さぐ-る、さが-す
淡,,085水,11,7S,,,タン、あわ-い
短,,111矢,12,3,,,タン、みじか-い
嘆,嘆[9],030口,13,7S,,,タン、なげ-く、なげ-かわしい
端,,117立,14,7S,,,タン、はし、は、はた
綻,,120糸,14,7S,2010,,タン、ほころ-びる
誕,,149言,15,6,,,タン
鍛,,167金,17,7S,,,タン、きた-える
団,團,031囗,6,5,,,ダン、（トン）
男,,102田,7,1,,,ダン、ナン、おとこ
段,,079殳,9,6,,,ダン
断,斷,069斤,11,5,,,ダン、た-つ、ことわ-る
弾,彈,057弓,12,7S,,,ダン、ひ-く、はず-む、たま
暖,,072日,13,6,,,ダン、あたた-か、あたた-かい、あたた-まる、あたた-める
談,,149言,15,3,,,ダン
壇,,032土,16,7S,,,ダン、（タン）
地,,032土,6,2,,,チ、ジ
池,,085水,6,2,,,チ、いけ
知,,111矢,8,2,,,チ、し-る
値,,009人,10,6,,,チ、ね、あたい
恥,,061心,10,7S,,,チ、は-じる、はじ、は-じらう、は-ずかしい
致,,133至,10,7S,,,チ、いた-す
遅,遲,162辵,12,7S,,,チ、おく-れる、おく-らす、おそ-い
痴,[4],104疒,13,7S,,,チ
稚,,115禾,13,7S,,,チ
置,,122网,13,4,,,チ、お-く
緻,,120糸,16,7S,2010,,チ
竹,,118竹,6,1,,,チク、たけ
畜,,102田,10,7S,,,チク
逐,,162辵,10,7S,,,チク
蓄,,140艸,13,7S,,,チク、たくわ-える
築,,118竹,16,5,,,チク、きず-く
秩,,115禾,10,7S,,,チツ
窒,,116穴,11,7S,,,チツ
茶,,140艸,9,2,,,チャ、サ
着,,123羊,12,3,,,チャク、（ジャク）、き-る、き-せる、つ-く、つ-ける
嫡,,038女,14,7S,,,チャク
中,,002丨,4,1,,,チュウ、（ジュウ）、なか
仲,,009人,6,4,,,チュウ、なか
虫,蟲,142虫,6,1,,,チュウ、むし
沖,,085水,7,4,,,チュウ、おき
宙,,040宀,8,6,,,チュウ
忠,,061心,8,6,,,チュウ
抽,,064手,8,7S,,,チュウ
注,,085水,8,3,,,チュウ、そそ-ぐ
昼,晝,072日,9,2,,,チュウ、ひる
柱,,075木,9,3,,,チュウ、はしら
衷,,145衣,10,7S,,,チュウ
酎,,164酉,10,7S,2010,,チュウ
鋳,鑄,167金,15,7S,,,チュウ、い-る
駐,,187馬,15,7S,,,チュウ
著,著[9],140艸,11,6,,,チョ、あらわ-す、いちじる-しい
貯,,154貝,12,5,,,チョ
丁,,001一,2,3,,,チョウ、テイ
弔,,057弓,4,7S,,,チョウ、とむら-う
庁,廳,053广,5,6,,,チョウ
兆,,010儿,6,4,,,チョウ、きざ-す、きざ-し
町,,102田,7,1,,,チョウ、まち
長,,168長,8,2,,,チョウ、なが-い
挑,,064手,9,7S,1981,,チョウ、いど-む
帳,,050巾,11,3,,,チョウ
張,,057弓,11,5,,,チョウ、は-る
彫,,059彡,11,7S,,,チョウ、ほ-る
眺,,109目,11,7S,1981,,チョウ、なが-める
釣,,167金,11,7S,1981,,チョウ、つ-る
頂,,181頁,11,6,,,チョウ、いただ-く、いただき
鳥,,196鳥,11,2,,,チョウ、とり
朝,,074月,12,2,,,チョウ、あさ
脹,,130肉,12,8,,2010,チョウ
貼,,154貝,12,7S,2010,,チョウ、は-る
超,,156走,12,7S,,,チョウ、こ-える、こ-す
腸,,130肉,13,6,,,チョウ
跳,,157足,13,7S,,,チョウ、は-ねる、と-ぶ
徴,徵,060彳,14,7S,,,チョウ
嘲[6][11][12],,030口,15,7S,2010,,チョウ、あざけ-る
潮,,085水,15,6,,,チョウ、しお
澄,,085水,15,7S,,,チョウ、す-む、す-ます
調,,149言,15,3,,,チョウ、しら-べる、ととの-う、ととの-える
聴,聽,128耳,17,7S,,,チョウ、き-く
懲,懲[9],061心,18,7S,,,チョウ、こ-りる、こ-らす、こ-らしめる
直,,109目,8,2,,,チョク、ジキ、ただ-ちに、なお-す、なお-る
勅,[4],019力,9,7S,,,チョク
捗[6][11],,064手,10,7S,2010,,チョク
沈,,085水,7,7S,,,チン、しず-む、しず-める
珍,,096玉,9,7S,,,チン、めずら-しい
朕,,074月,10,7S,,,チン
陳,,170阜,11,7S,,,チン
賃,,154貝,13,6,,,チン
鎮,鎭,167金,18,7S,,,チン、しず-める、しず-まる
追,,162辵,9,3,,,ツイ、お-う
椎,,075木,12,7S,2010,,ツイ
墜,,032土,15,7S,,,ツイ
通,,162辵,10,2,,,ツウ、（ツ）、とお-る、とお-す、かよ-う
痛,,104疒,12,6,,,ツウ、いた-い、いた-む、いた-める
塚,塚[9],032土,12,7S,1981,,つか
漬,,085水,14,7S,1981,,つ-ける、つ-かる
坪,,032土,8,7S,,,つぼ
爪,,087爪,4,7S,2010,,つめ、（つま）
鶴,,196鳥,21,7S,2010,,つる
低,,009人,7,4,,,テイ、ひく-い、ひく-める、ひく-まる
呈,,030口,7,7S,,,テイ
廷,,054廴,7,7S,,,テイ
弟,,057弓,7,2,,,テイ、（ダイ）、（デ）、おとうと
定,,040宀,8,3,,,テイ、ジョウ、さだ-める、さだ-まる、さだ-か
底,,053广,8,4,,,テイ、そこ
抵,,064手,8,7S,,,テイ
邸,,163邑,8,7S,,,テイ
亭,,008亠,9,7S,1981,,テイ
貞,,154貝,9,7S,,,テイ
帝,,050巾,9,7S,,,テイ
訂,,149言,9,7S,,,テイ
庭,,053广,10,3,,,テイ、にわ
逓,遞,162辵,10,7S,,,テイ
停,,009人,11,5,,,テイ
偵,,009人,11,7S,1981,,テイ
堤,,032土,12,7S,,,テイ、つつみ
提,,064手,12,5,,,テイ、さ-げる
程,,115禾,12,5,,,テイ、ほど
艇,,137舟,13,7S,,,テイ
締,,120糸,15,7S,,,テイ、し-まる、し-める
諦[12],,149言,16,7S,2010,,テイ、あきら-める
泥,,085水,8,7S,1981,,デイ、どろ
的,,106白,8,4,,,テキ、まと
笛,,118竹,11,3,,,テキ、ふえ
摘,,064手,14,7S,,,テキ、つ-む
滴,,085水,14,7S,,,テキ、しずく、したた-る
適,,162辵,14,5,,,テキ
敵,,066攴,15,6,,,テキ、かたき
溺[6][11],,085水,13,7S,2010,,デキ、おぼ-れる
迭,,162辵,8,7S,,,テツ
哲,,030口,10,7S,,,テツ
鉄,鐵,167金,13,3,,,テツ
徹,,060彳,15,7S,,,テツ
撤,,064手,15,7S,,,テツ
天,,037大,4,1,,,テン、あめ、（あま）
典,,012八,8,4,,,テン
店,,053广,8,2,,,テン、みせ
点,點,203黑,9,2,,,テン
展,,044尸,10,6,,,テン
添,,085水,11,7S,,,テン、そ-える、そ-う
転,轉,159車,11,3,,,テン、ころ-がる、ころ-げる、ころ-がす、ころ-ぶ
塡[6][11],,032土,13,7S,2010,,テン
田,,102田,5,1,,,デン、た
伝,傳,009人,6,4,,,デン、つた-わる、つた-える、つた-う
殿,,079殳,13,7S,,,デン、テン、との、どの
電,,173雨,13,2,,,デン
斗,,068斗,4,7S,,,ト
吐,,030口,6,7S,,,ト、は-く
妬,,038女,8,7S,2010,,ト、ねた-む
徒,,060彳,10,4,,,ト
途,,162辵,10,7S,,,ト
都,都[9],163邑,11,3,,,ト、ツ、みやこ
渡,,085水,12,7S,,,ト、わた-る、わた-す
塗,,032土,13,7S,,,ト、ぬ-る
賭[6][11],,154貝,16,7S,2010,,ト、か-ける
土,,032土,3,1,,,ド、ト、つち
奴,,038女,5,7S,,,ド
努,,019力,7,4,,,ド、つと-める
度,,053广,9,3,,,ド、（ト）、（タク）、たび
怒,,061心,9,7S,,,ド、いか-る、おこ-る
刀,,018刀,2,2,,,トウ、かたな
冬,,015冫,5,2,,,トウ、ふゆ
灯,燈,086火,6,4,,,トウ、ひ
当,當,102田,6,2,,,トウ、あ-たる、あ-てる
投,,064手,7,3,,,トウ、な-げる
豆,,151豆,7,3,,,トウ、（ズ）、まめ
東,,075木,8,2,,,トウ、ひがし
到,,018刀,8,7S,,,トウ
逃,,162辵,9,7S,,,トウ、に-げる、に-がす、のが-す、のが-れる
倒,,009人,10,7S,,,トウ、たお-れる、たお-す
凍,,015冫,10,7S,,,トウ、こお-る、こご-える
唐,,030口,10,7S,,,トウ、から
島,,046山,10,3,,,トウ、しま
桃,,075木,10,7S,,,トウ、もも
討,,149言,10,6,,,トウ、う-つ
透,,162辵,10,7S,,,トウ、す-く、す-かす、す-ける
党,黨,203黑,10,6,,,トウ
悼,,061心,11,7S,,,トウ、いた-む
盗,盜,108皿,11,7S,,,トウ、ぬす-む
陶,,170阜,11,7S,,,トウ
塔,,032土,12,7S,,,トウ
搭,,064手,12,7S,1981,,トウ
棟,,075木,12,7S,1981,,トウ、むね、（むな）
湯,,085水,12,3,,,トウ、ゆ
痘,,104疒,12,7S,,,トウ
登,,105癶,12,3,,,トウ、ト、のぼ-る
答,,118竹,12,2,,,トウ、こた-える、こた-え
等,,118竹,12,3,,,トウ、ひと-しい
筒,,118竹,12,7S,,,トウ、つつ
統,,120糸,12,5,,,トウ、す-べる
稲,稻,115禾,14,7S,,,トウ、いね、（いな）
踏,,157足,15,7S,,,トウ、ふ-む、ふ-まえる
糖,,119米,16,6,,,トウ
頭,,181頁,16,2,,,トウ、ズ、（ト）、あたま、かしら
謄,,149言,17,7S,,,トウ
藤,,140艸,18,7S,2010,,トウ、ふじ
闘,鬪[4],191鬥,18,7S,,,トウ、たたか-う
騰,,187馬,20,7S,,,トウ
同,,030口,6,2,,,ドウ、おな-じ
洞,,085水,9,7S,1981,,ドウ、ほら
胴,,130肉,10,7S,,,ドウ
動,,019力,11,3,,,ドウ、うご-く、うご-かす
堂,,032土,11,5,,,ドウ
童,,117立,12,3,,,ドウ、わらべ
道,,162辵,12,2,,,ドウ、（トウ）、みち
働,,009人,13,4,,,ドウ、はたら-く
銅,,167金,14,5,,,ドウ
導,,041寸,15,5,,,ドウ、みちび-く
瞳,,109目,17,7S,2010,,ドウ、ひとみ
峠,,046山,9,7S,,,とうげ
匿,,023匸,10,7S,,,トク
特,,093牛,10,4,,,トク
得,,060彳,11,5,,,トク、え-る、う-る
督,,109目,13,7S,,,トク
徳,德,060彳,14,4,,,トク
篤,,118竹,16,7S,,,トク
毒,,080毋,8,5,,,ドク
独,獨,094犬,9,5,,,ドク、ひと-り
読,讀,149言,14,2,,,ドク、トク、（トウ）、よ-む
栃[5],,075木,9,4,2010,,（とち）[10]
凸,,017凵,5,7S,1981,,トツ
突,突[9],116穴,8,7S,,,トツ、つ-く
届,屆,044尸,8,6,,,とど-ける、とど-く
屯,,045屮,4,7S,1981,,トン
豚,,152豕,11,7S,,,トン、ぶた
頓,,181頁,13,7S,2010,,トン
貪,,154貝,11,7S,2010,,ドン、むさぼ-る
鈍,,167金,12,7S,,,ドン、にぶ-い、にぶ-る
曇,,072日,16,7S,,,ドン、くも-る
丼,,003丶,5,7S,2010,,どんぶり、（どん）
那,,163邑,7,7S,2010,,ナ
奈,,037大,8,4,2010,,ナ
内,內[4],011入,4,2,,,ナイ、（ダイ）、うち
梨,,075木,11,4,2010,,なし
謎[8][13],,149言,17,7S,2010,,なぞ
鍋,,167金,17,7S,2010,,なべ
南,,024十,9,2,,,ナン、（ナ）、みなみ
軟,,159車,11,7S,,,ナン、やわ-らか、やわ-らかい
難,難[9],172隹,18,6,,,ナン、かた-い、むずか-しい
二,,007二,2,1,,,ニ、ふた、ふた-つ
尼,,044尸,5,7S,,,ニ、あま
弐,貳,154貝,6,7S,,,ニ
匂,,020勹,4,7S,2010,,にお-う
肉,,130肉,6,2,,,ニク
虹,,142虫,9,7S,2010,,にじ
日,,072日,4,1,,,ニチ、ジツ、ひ、か
入,,011入,2,1,,,ニュウ、い-る、い-れる、はい-る
乳,,005乙,8,6,,,ニュウ、ちち、ち
尿,,044尸,7,7S,,,ニョウ
任,,009人,6,5,,,ニン、まか-せる、まか-す
妊,,038女,7,7S,,,ニン
忍,,061心,7,7S,,,ニン、しの-ぶ、しの-ばせる
認,,149言,14,6,,,ニン、みと-める
寧,,040宀,14,7S,,,ネイ
熱,,086火,15,4,,,ネツ、あつ-い
年,,051干,6,1,,,ネン、とし
念,,061心,8,4,,,ネン
捻,,064手,11,7S,2010,,ネン
粘,,119米,11,7S,,,ネン、ねば-る
燃,,086火,16,5,,,ネン、も-える、も-やす、も-す
悩,惱,061心,10,7S,,,ノウ、なや-む、なや-ます
納,,120糸,10,6,,,ノウ、（ナッ）、（ナ）、（ナン）、（トウ）、おさ-める、おさ-まる
能,,130肉,10,5,,,ノウ
脳,腦,130肉,11,6,,,ノウ
農,,161辰,13,3,,,ノウ
濃,,085水,16,7S,,,ノウ、こ-い
把,,064手,7,7S,1981,,ハ
波,,085水,8,3,,,ハ、なみ
派,,085水,9,6,,,ハ
破,,112石,10,5,,,ハ、やぶ-る、やぶ-れる
覇,[4],146襾,19,7S,1981,,ハ
馬,,187馬,10,2,,,バ、うま、（ま）
婆,,038女,11,7S,,,バ
罵,,122网,15,7S,2010,,バ、ののし-る
拝,拜,064手,8,6,,,ハイ、おが-む
杯,,075木,8,7S,,,ハイ、さかずき
背,,130肉,9,6,,,ハイ、せ、せい、そむ-く、そむ-ける
肺,,130肉,9,6,,,ハイ
俳,,009人,10,6,,,ハイ
配,,164酉,10,3,,,ハイ、くば-る
排,,064手,11,7S,,,ハイ
敗,,066攴,11,4,,,ハイ、やぶ-れる
廃,廢,053广,12,7S,,,ハイ、すた-れる、すた-る
輩,,159車,15,7S,,,ハイ
売,賣,154貝,7,2,,,バイ、う-る、う-れる
倍,,009人,10,3,,,バイ
梅,梅[9],075木,10,4,,,バイ、うめ
培,,032土,11,7S,,,バイ、つちか-う
陪,,170阜,11,7S,,,バイ
媒,,038女,12,7S,,,バイ
買,,154貝,12,2,,,バイ、か-う
賠,,154貝,15,7S,,,バイ
白,,106白,5,1,,,ハク、ビャク、しろ、（しら）、しろ-い
伯,,009人,7,7S,,,ハク
拍,,064手,8,7S,,,ハク、（ヒョウ）
泊,,085水,8,7S,,,ハク、と-まる、と-める
迫,,162辵,8,7S,,,ハク、せま-る
剝[6][11],,018刀,10,7S,2010,,ハク、は-がす、は-ぐ、は-がれる、は-げる
舶,,137舟,11,7S,,,ハク
博,,024十,12,4,,,ハク、（バク）
薄,,140艸,16,7S,,,ハク、うす-い、うす-める、うす-まる、うす-らぐ、うす-れる
麦,麥,199麥,7,2,,,バク、むぎ
漠,,085水,13,7S,1981,,バク
縛,,120糸,16,7S,,,バク、しば-る
爆,,086火,19,7S,,,バク
箱,,118竹,15,3,,,はこ
箸[6][11],,118竹,15,7S,2010,,はし
畑,,102田,9,3,,,はた、はたけ
肌,,130肉,6,7S,1981,,はだ
八,,012八,2,1,,,ハチ、や、や-つ、やっ-つ、（よう）
鉢,,167金,13,7S,1981,,ハチ、（ハツ）
発,發,105癶,9,3,,,ハツ、ホツ
髪,髮,190髟,14,7S,,,ハツ、かみ
伐,,009人,6,7S,,,バツ
抜,拔,064手,7,7S,,,バツ、ぬ-く、ぬ-ける、ぬ-かす、ぬ-かる
罰,,122网,14,7S,,,バツ、バチ
閥,,169門,14,7S,,,バツ
反,,029又,4,3,,,ハン、（ホン）、（タン）、そ-る、そ-らす
半,,024十,5,2,,,ハン、なか-ば
氾,,085水,5,7S,2010,,ハン
犯,,094犬,5,5,,,ハン、おか-す
帆,,050巾,6,7S,,,ハン、ほ
汎[12],,085水,6,7S,2010,,ハン
伴,,009人,7,7S,,,ハン、バン、ともな-う
判,,018刀,7,5,,,ハン、バン
坂,,032土,7,3,,,ハン、さか
阪,,170阜,7,4,2010,,ハン
板,,075木,8,3,,,ハン、バン、いた
版,,091片,8,5,,,ハン
班,,096玉,10,6,,,ハン
畔,,102田,10,7S,,,ハン
般,,137舟,10,7S,,,ハン
販,,154貝,11,7S,,,ハン
斑,,067文,12,7S,2010,,ハン
飯,飯[4][9],184食,12,4,,,ハン、めし
搬,,064手,13,7S,,,ハン
煩,,086火,13,7S,,,ハン、（ボン）、わずら-う、わずら-わす
頒,,181頁,13,7S,,,ハン
範,,118竹,15,7S,,,ハン
繁,繁[9],120糸,16,7S,,,ハン
藩,,140艸,18,7S,,,ハン
晩,晚,072日,12,6,,,バン
番,,102田,12,2,,,バン
蛮,蠻,142虫,12,7S,,,バン
盤,,108皿,15,7S,,,バン
比,,081比,4,5,,,ヒ、くら-べる
皮,,107皮,5,3,,,ヒ、かわ
妃,,038女,6,7S,,,ヒ
否,,030口,7,6,,,ヒ、いな
批,,064手,7,6,,,ヒ
彼,,060彳,8,7S,,,ヒ、かれ、（かの）
披,,064手,8,7S,1981,,ヒ
肥,,130肉,8,5,,,ヒ、こ-える、こえ、こ-やす、こ-やし
非,,175非,8,5,,,ヒ
卑,卑[9],024十,9,7S,,,ヒ、いや-しい、いや-しむ、いや-しめる
飛,,183飛,9,4,,,ヒ、と-ぶ、と-ばす
疲,,104疒,10,7S,,,ヒ、つか-れる
秘,祕,113示,10,6,,,ヒ、ひ-める
被,,145衣,10,7S,,,ヒ、こうむ-る
悲,,061心,12,3,,,ヒ、かな-しい、かな-しむ
扉,,063戶,12,7S,1981,,ヒ、とびら
費,,154貝,12,5,,,ヒ、つい-やす、つい-える
碑,碑[9],112石,14,7S,,,ヒ
罷,,122网,15,7S,,,ヒ
避,,162辵,16,7S,,,ヒ、さ-ける
尾,,044尸,7,7S,,,ビ、お
眉,,109目,9,7S,2010,,ビ、（ミ）、まゆ
美,,123羊,9,3,,,ビ、うつく-しい
備,,009人,12,5,,,ビ、そな-える、そな-わる
微,,060彳,13,7S,,,ビ
鼻,,209鼻,14,3,,,ビ、はな
膝,,130肉,15,7S,2010,,ひざ
肘,,130肉,7,7S,2010,,ひじ
匹,,023匸,4,7S,,,ヒツ、ひき
必,,061心,5,4,,,ヒツ、かなら-ず
泌,,085水,8,7S,,,ヒツ、ヒ
筆,,118竹,12,3,,,ヒツ、ふで
姫,姬[4],038女,10,7S,,,ひめ
百,,106白,6,1,,,ヒャク
氷,,085水,5,3,,,ヒョウ、こおり、ひ
表,,145衣,8,3,,,ヒョウ、おもて、あらわ-す、あらわ-れる
俵,,009人,10,6,,,ヒョウ、たわら
票,,113示,11,4,,,ヒョウ
評,,149言,12,5,,,ヒョウ
漂,,085水,14,7S,,,ヒョウ、ただよ-う
標,,075木,15,4,,,ヒョウ
苗,,140艸,8,7S,,,ビョウ、なえ、（なわ）
秒,,115禾,9,3,,,ビョウ
病,,104疒,10,3,,,ビョウ、（ヘイ）、や-む、やまい
描,,064手,11,7S,,,ビョウ、えが-く、か-く
猫,,094犬,11,7S,1981,,ビョウ、ねこ
品,,030口,9,3,,,ヒン、しな
浜,濱,085水,10,7S,,,ヒン、はま
貧,,154貝,11,5,,,ヒン、ビン、まず-しい
賓,賓[9],154貝,15,7S,,,ヒン
頻,頻[9],181頁,17,7S,1981,,ヒン
敏,敏[9],066攴,10,7S,,,ビン
瓶,甁,098瓦,11,7S,1981,,ビン
不,,001一,4,4,,,フ、ブ
夫,,037大,4,4,,,フ、（フウ）、おっと
父,,088父,4,2,,,フ、ちち
付,,009人,5,4,,,フ、つ-ける、つ-く
布,,050巾,5,5,,,フ、ぬの
扶,,064手,7,7S,,,フ
府,,053广,8,4,,,フ
怖,,061心,8,7S,,,フ、こわ-い
阜,,170阜,8,4,2010,,（フ）[10]
附,,170阜,8,7S,,,フ
訃,,149言,9,7S,2010,,フ
負,,154貝,9,3,,,フ、ま-ける、ま-かす、お-う
赴,,156走,9,7S,,,フ、おもむ-く
浮,,085水,10,7S,,,フ、う-く、う-かれる、う-かぶ、う-かべる
婦,,038女,11,5,,,フ
符,,118竹,11,7S,,,フ
富,,040宀,12,4,,,フ、（フウ）、と-む、とみ
普,,072日,12,7S,,,フ
腐,,130肉,14,7S,,,フ、くさ-る、くさ-れる、くさ-らす
敷,,066攴,15,7S,,,フ、し-く
膚,,130肉,15,7S,,,フ
賦,,154貝,15,7S,,,フ
譜,,149言,19,7S,,,フ
侮,侮[9],009人,8,7S,,,ブ、あなど-る
武,,077止,8,5,,,ブ、ム
部,,163邑,11,3,,,ブ
舞,,136舛,15,7S,,,ブ、ま-う、まい
封,,041寸,9,7S,,,フウ、ホウ
風,,182風,9,2,,,フウ、（フ）、かぜ、（かざ）
伏,,009人,6,7S,,,フク、ふ-せる、ふ-す
服,,074月,8,3,,,フク
副,,018刀,11,4,,,フク
幅,,050巾,12,7S,,,フク、はば
復,,060彳,12,5,,,フク
福,福[9],113示,13,3,,,フク
腹,,130肉,13,6,,,フク、はら
複,,145衣,14,5,,,フク
覆,,146襾,18,7S,,,フク、おお-う、くつがえ-す、くつがえ-る
払,拂,064手,5,7S,,,フツ、はら-う
沸,,085水,8,7S,,,フツ、わ-く、わ-かす
仏,佛,009人,4,5,,,ブツ、ほとけ
物,,093牛,8,3,,,ブツ、モツ、もの
粉,,119米,10,5,,,フン、こ、こな
紛,,120糸,10,7S,,,フン、まぎ-れる、まぎ-らす、まぎ-らわす、まぎ-らわしい
雰,,173雨,12,7S,1981,,フン
噴,,030口,15,7S,,,フン、ふ-く
墳,,032土,15,7S,,,フン
憤,,061心,15,7S,,,フン、いきどお-る
奮,,037大,16,6,,,フン、ふる-う
分,,018刀,4,2,,,ブン、フン、ブ、わ-ける、わ-かれる、わ-かる、わ-かつ
文,,067文,4,1,,,ブン、モン、ふみ
聞,,128耳,14,2,,,ブン、モン、き-く、き-こえる
丙,,001一,5,7S,,,ヘイ
平,,051干,5,3,,,ヘイ、ビョウ、たい-ら、ひら
兵,,012八,7,4,,,ヘイ、ヒョウ
併,倂,009人,8,7S,,,ヘイ、あわ-せる
並,[4],001一,8,6,,,ヘイ、なみ、なら-べる、なら-ぶ、なら-びに
柄,,075木,9,7S,,,ヘイ、がら、え
陛,,170阜,10,6,,,ヘイ
閉,,169門,11,6,,,ヘイ、と-じる、と-ざす、し-める、し-まる
塀,塀[9],032土,12,7S,1981,,ヘイ
幣,,050巾,15,7S,,,ヘイ
弊,,055廾,15,7S,,,ヘイ
蔽[6][11],,140艸,15,7S,2010,,ヘイ
餅[6][13],[4],184食,15,7S,2010,,ヘイ、もち
米,,119米,6,2,,,ベイ、マイ、こめ
壁,,032土,16,7S,,,ヘキ、かべ
璧,,096玉,18,7S,2010,,ヘキ
癖,,104疒,18,7S,,,ヘキ、くせ
別,,018刀,7,4,,,ベツ、わか-れる
蔑,,140艸,14,7S,2010,,ベツ、さげす-む
片,,091片,4,6,,,ヘン、かた
辺,邊,162辵,5,4,,,ヘン、あた-り、べ
返,,162辵,7,3,,,ヘン、かえ-す、かえ-る
変,變,149言,9,4,,,ヘン、か-わる、か-える
偏,,009人,11,7S,,,ヘン、かたよ-る
遍,,162辵,12,7S,,,ヘン
編,,120糸,15,5,,,ヘン、あ-む
弁,辨瓣辯,160辛瓜辛,5,5,,,ベン
便,,009人,9,4,,,ベン、ビン、たよ-り
勉,勉[9],019力,10,3,,,ベン
歩,步,077止,8,2,,,ホ、ブ、（フ）、ある-く、あゆ-む
保,,009人,9,5,,,ホ、たも-つ
哺,,030口,10,7S,2010,,ホ
捕,,064手,10,7S,,,ホ、と-らえる、と-らわれる、と-る、つか-まえる、つか-まる
補,,145衣,12,6,,,ホ、おぎな-う
舗,舖[4],135舌,15,7S,,,ホ
母,,080毋,5,2,,,ボ、はは
募,,019力,12,7S,,,ボ、つの-る
墓,,032土,13,5,,,ボ、はか
慕,,061心,14,7S,,,ボ、した-う
暮,,072日,14,6,,,ボ、く-れる、く-らす
簿,,118竹,19,7S,,,ボ
方,,070方,4,2,,,ホウ、かた
包,,020勹,5,4,,,ホウ、つつ-む
芳,,140艸,7,7S,,,ホウ、かんば-しい
邦,,163邑,7,7S,,,ホウ
奉,,037大,8,7S,,,ホウ、（ブ）、たてまつ-る
宝,寶,040宀,8,6,,,ホウ、たから
抱,,064手,8,7S,,,ホウ、だ-く、いだ-く、かか-える
放,,066攴,8,3,,,ホウ、はな-す、はな-つ、はな-れる、ほう-る
法,,085水,8,4,,,ホウ、（ハッ）、（ホッ）
泡,,085水,8,7S,1981,,ホウ、あわ
胞,,130肉,9,7S,,,ホウ
俸,,009人,10,7S,1981,,ホウ
倣,,009人,10,7S,,,ホウ、なら-う
峰,,046山,10,7S,,,ホウ、みね
砲,,112石,10,7S,,,ホウ
崩,,046山,11,7S,,,ホウ、くず-れる、くず-す
訪,,149言,11,6,,,ホウ、おとず-れる、たず-ねる
報,,032土,12,5,,,ホウ、むく-いる
蜂,,142虫,13,7S,2010,,ホウ、はち
豊,豐,151豆,13,5,,,ホウ、ゆた-か
飽,,184食,13,7S,,,ホウ、あ-きる、あ-かす
褒,[4],145衣,15,7S,1981,,ホウ、ほ-める
縫,,120糸,16,7S,,,ホウ、ぬ-う
亡,,008亠,3,6,,,ボウ、（モウ）、な-い
乏,,004丿,4,7S,,,ボウ、とぼ-しい
忙,,061心,6,7S,,,ボウ、いそが-しい
坊,,032土,7,7S,,,ボウ、（ボッ）
妨,,038女,7,7S,,,ボウ、さまた-げる
忘,,061心,7,6,,,ボウ、わす-れる
防,,170阜,7,5,,,ボウ、ふせ-ぐ
房,,063戶,8,7S,,,ボウ、ふさ
肪,,130肉,8,7S,,,ボウ
某,,075木,9,7S,,,ボウ
冒,,013冂,9,7S,,,ボウ、おか-す
剖,,018刀,10,7S,,,ボウ
紡,,120糸,10,7S,,,ボウ、つむ-ぐ
望,,074月,11,4,,,ボウ、モウ、のぞ-む
傍,,009人,12,7S,,,ボウ、かたわ-ら
帽,,050巾,12,7S,,,ボウ
棒,,075木,12,6,,,ボウ
貿,,154貝,12,5,,,ボウ
貌,,153豸,14,7S,2010,,ボウ
暴,,072日,15,5,,,ボウ、（バク）、あば-く、あば-れる
膨,,130肉,16,7S,,,ボウ、ふく-らむ、ふく-れる
謀,,149言,16,7S,,,ボウ、（ム）、はか-る
頰[6][11],,181頁,16,7S,2010,,ほお
北,,021匕,5,2,,,ホク、きた
木,,075木,4,1,,,ボク、モク、き、（こ）
朴,,075木,6,7S,1981,,ボク
牧,,093牛,8,4,,,ボク、まき
睦,,109目,13,7S,2010,,ボク
僕,,009人,14,7S,1981,,ボク
墨,墨[9],032土,14,7S,,,ボク、すみ
撲,,064手,15,7S,,,ボク
没,沒[4],085水,7,7S,,,ボツ
勃,,019力,9,7S,2010,,ボツ
堀,,032土,11,7S,1981,,ほり
本,,075木,5,1,,,ホン、もと
奔,,037大,8,7S,,,ホン
翻,[4],124羽,18,7S,,,ホン、ひるがえ-る、ひるがえ-す
凡,,016几,3,7S,,,ボン、（ハン）
盆,,108皿,9,7S,,,ボン
麻,,200麻,11,7S,,,マ、あさ
摩,,064手,15,7S,,,マ
磨,,112石,16,7S,1981,,マ、みが-く
魔,,194鬼,21,7S,,,マ
毎,每,080毋,6,2,,,マイ
妹,,038女,8,2,,,マイ、いもうと
枚,,075木,8,6,,,マイ
昧,,072日,9,7S,2010,,マイ
埋,,032土,10,7S,,,マイ、う-める、う-まる、う-もれる
幕,,050巾,13,6,,,マク、バク
膜,,130肉,14,7S,,,マク
枕,,075木,8,7S,2010,,まくら
又,,029又,2,7S,,,また
末,,075木,5,4,,,マツ、バツ、すえ
抹,,064手,8,7S,1981,,マツ
万,萬,140艸,3,2,,,マン、バン
満,滿,085水,12,4,,,マン、み-ちる、み-たす
慢,,061心,14,7S,,,マン
漫,,085水,14,7S,,,マン
未,,075木,5,4,,,ミ
味,,030口,8,3,,,ミ、あじ、あじ-わう
魅,,194鬼,15,7S,,,ミ
岬,,046山,8,7S,1981,,みさき
密,,040宀,11,6,,,ミツ
蜜,,142虫,14,7S,2010,,ミツ
脈,,130肉,10,5,,,ミャク
妙,,038女,7,7S,,,ミョウ
民,,083氏,5,4,,,ミン、たみ
眠,,109目,10,7S,,,ミン、ねむ-る、ねむ-い
矛,,110矛,5,7S,,,ム、ほこ
務,,019力,11,5,,,ム、つと-める、つと-まる
無,,086火,12,4,,,ム、ブ、な-い
夢,,036夕,13,5,,,ム、ゆめ
霧,,173雨,19,7S,,,ム、きり
娘,,038女,10,7S,,,むすめ
名,,030口,6,1,,,メイ、ミョウ、な
命,,030口,8,3,,,メイ、ミョウ、いのち
明,,072日,8,2,,,メイ、ミョウ、あ-かり、あか-るい、あか-るむ、あか-らむ、あき-らか、あ-ける、あ-く、あ-くる、あ-かす
迷,,162辵,9,5,,,メイ、まよ-う
冥,,014冖,10,7S,2010,,メイ、ミョウ
盟,,108皿,13,6,,,メイ
銘,,167金,14,7S,,,メイ
鳴,,196鳥,14,2,,,メイ、な-く、な-る、な-らす
滅,,085水,13,7S,,,メツ、ほろ-びる、ほろ-ぼす
免,免[9],010儿,8,7S,,,メン、まぬか-れる
面,,176面,9,3,,,メン、おも、おもて、つら
綿,,120糸,14,5,,,メン、わた
麺,麵,199麥,16,7S,2010,,メン
茂,,140艸,8,7S,,,モ、しげ-る
模,,075木,14,6,,,モ、ボ
毛,,082毛,4,2,,,モウ、け
妄,,038女,6,7S,1981,,モウ、ボウ
盲,,109目,8,7S,,,モウ
耗,,127耒,10,7S,,,モウ、（コウ）
猛,,094犬,11,7S,,,モウ
網,,120糸,14,7S,,,モウ、あみ
目,,109目,5,1,,,モク、（ボク）、め、（ま）
黙,默,203黑,15,7S,,,モク、だま-る
門,,169門,8,2,,,モン、かど
紋,,120糸,10,7S,,,モン
問,,030口,11,3,,,モン、と-う、と-い、（とん）
匁,,020勹,4,8,,2010,もんめ
冶,,015冫,7,7S,2010,,ヤ
夜,,036夕,8,2,,,ヤ、よ、よる
野,,166里,11,2,,,ヤ、の
弥,彌,057弓,8,7S,2010,,や
厄,,027厂,4,7S,1981,,ヤク
役,,060彳,7,3,,,ヤク、エキ
約,,120糸,9,4,,,ヤク
訳,譯,149言,11,6,,,ヤク、わけ
薬,藥,140艸,16,3,,,ヤク、くすり
躍,,157足,21,7S,,,ヤク、おど-る
闇[12],,169門,17,7S,2010,,やみ
由,,102田,5,3,,,ユ、ユウ、（ユイ）、よし
油,,085水,8,3,,,ユ、あぶら
喩[6],,030口,12,7S,2010,,ユ
愉,,061心,12,7S,,,ユ
諭,,149言,16,7S,,,ユ、さと-す
輸,,159車,16,5,,,ユ
癒,,104疒,18,7S,1981,,ユ、い-える、い-やす
唯,,030口,11,7S,,,ユイ、（イ）
友,,029又,4,2,,,ユウ、とも
有,,074月,6,3,,,ユウ、ウ、あ-る
勇,,019力,9,4,,,ユウ、いさ-む
幽,,052幺,9,7S,,,ユウ
悠,,061心,11,7S,1981,,ユウ
郵,,163邑,11,6,,,ユウ
湧,,085水,12,7S,2010,,ユウ、わ-く
猶,,094犬,12,7S,,,ユウ
裕,,145衣,12,7S,,,ユウ
遊,,162辵,12,3,,,ユウ、（ユ）、あそ-ぶ
雄,,172隹,12,7S,,,ユウ、お、おす
誘,,149言,14,7S,,,ユウ、さそ-う
憂,,061心,15,7S,,,ユウ、うれ-える、うれ-い、う-い
融,,142虫,16,7S,,,ユウ
優,,009人,17,6,,,ユウ、やさ-しい、すぐ-れる
与,與,134臼,3,7S,,,ヨ、あた-える
予,豫,152豕,4,3,,,ヨ
余,餘,184食,7,5,,,ヨ、あま-る、あま-す
誉,譽,149言,13,7S,,,ヨ、ほま-れ
預,,181頁,13,6,,,ヨ、あず-ける、あず-かる
幼,,052幺,5,6,,,ヨウ、おさな-い
用,,101用,5,2,,,ヨウ、もち-いる
羊,,123羊,6,3,,,ヨウ、ひつじ
妖,,038女,7,7S,2010,,ヨウ、あや-しい
洋,,085水,9,3,,,ヨウ
要,,146襾,9,4,,,ヨウ、かなめ、い-る
容,,040宀,10,5,,,ヨウ
庸,,053广,11,7S,,,ヨウ
揚,,064手,12,7S,,,ヨウ、あ-げる、あ-がる
揺,搖,064手,12,7S,,,ヨウ、ゆ-れる、ゆ-る、ゆ-らぐ、ゆ-るぐ、ゆ-する、ゆ-さぶる、ゆ-すぶる
葉,,140艸,12,3,,,ヨウ、は
陽,,170阜,12,3,,,ヨウ
溶,,085水,13,7S,,,ヨウ、と-ける、と-かす、と-く
腰,,130肉,13,7S,,,ヨウ、こし
様,樣,075木,14,3,,,ヨウ、さま
瘍,,104疒,14,7S,2010,,ヨウ
踊,,157足,14,7S,,,ヨウ、おど-る、おど-り
窯,,116穴,15,7S,,,ヨウ、かま
養,,184食,15,4,,,ヨウ、やしな-う
擁,,064手,16,7S,,,ヨウ
謡,謠,149言,16,7S,,,ヨウ、うたい、うた-う
曜,,072日,18,2,,,ヨウ
抑,,064手,7,7S,,,ヨク、おさ-える
沃,,085水,7,7S,2010,,ヨク
浴,,085水,10,4,,,ヨク、あ-びる、あ-びせる
欲,,076欠,11,6,,,ヨク、ほっ-する、ほ-しい
翌,,124羽,11,6,,,ヨク
翼,,124羽,17,7S,,,ヨク、つばさ
拉,,064手,8,7S,2010,,ラ
裸,,145衣,13,7S,,,ラ、はだか
羅,,122网,19,7S,1981,,ラ
来,來,009人,7,2,,,ライ、く-る、きた-る、きた-す
雷,,173雨,13,7S,,,ライ、かみなり
頼,賴,154貝,16,7S,,,ライ、たの-む、たの-もしい、たよ-る
絡,,120糸,12,7S,,,ラク、から-む、から-まる、から-める
落,,140艸,12,3,,,ラク、お-ちる、お-とす
酪,,164酉,13,7S,,,ラク
辣,,160辛,14,7S,2010,,ラツ
乱,亂,005乙,7,6,,,ラン、みだ-れる、みだ-す
卵,,026卩,7,6,,,ラン、たまご
覧,覽,147見,17,6,,,ラン
濫,,085水,18,7S,,,ラン
藍,,140艸,18,7S,2010,,ラン、あい
欄,欄[9],075木,20,7S,,,ラン
吏,,030口,6,7S,,,リ
利,,018刀,7,4,,,リ、き-く
里,,166里,7,2,,,リ、さと
理,,096玉,11,2,,,リ
痢,,104疒,12,7S,,,リ
裏,,145衣,13,6,,,リ、うら
履,,044尸,15,7S,,,リ、は-く
璃,,096玉,15,7S,2010,,リ
離,,172隹,19,7S,,,リ、はな-れる、はな-す
陸,,170阜,11,4,,,リク
立,,117立,5,1,,,リツ、（リュウ）、た-つ、た-てる
律,,060彳,9,6,,,リツ、（リチ）
慄,,061心,13,7S,2010,,リツ
略,,102田,11,5,,,リャク
柳,,075木,9,7S,,,リュウ、やなぎ
流,,085水,10,3,,,リュウ、（ル）、なが-れる、なが-す
留,,102田,10,5,,,リュウ、（ル）、と-める、と-まる
竜,龍,212龍,10,7S,1981,,リュウ、たつ
粒,,119米,11,7S,,,リュウ、つぶ
隆,隆[9],170阜,11,7S,,,リュウ
硫,,112石,12,7S,,,リュウ
侶,,009人,9,7S,2010,,リョ
旅,,070方,10,3,,,リョ、たび
虜,虜[9],141虍,13,7S,,,リョ
慮,,061心,15,7S,,,リョ
了,,006亅,2,7S,,,リョウ
両,兩,011入,6,3,,,リョウ
良,,138艮,7,4,,,リョウ、よ-い
料,,068斗,10,4,,,リョウ
涼,,085水,11,7S,,,リョウ、すず-しい、すず-む
猟,獵,094犬,11,7S,,,リョウ
陵,,170阜,11,7S,,,リョウ、みささぎ
量,,166里,12,4,,,リョウ、はか-る
僚,,009人,14,7S,,,リョウ
領,,181頁,14,5,,,リョウ
寮,,040宀,15,7S,,,リョウ
療,,104疒,17,7S,,,リョウ
瞭,,109目,17,7S,2010,,リョウ
糧,,119米,18,7S,,,リョウ、（ロウ）、かて
力,,019力,2,1,,,リョク、リキ、ちから
緑,綠,120糸,14,3,,,リョク、（ロク）、みどり
林,,075木,8,1,,,リン、はやし
厘,,027厂,9,7S,,,リン
倫,,009人,10,7S,,,リン
輪,,159車,15,4,,,リン、わ
隣,,170阜,16,7S,,,リン、とな-る、となり
臨,,131臣,18,6,,,リン、のぞ-む
瑠,,096玉,14,7S,2010,,ル
涙,淚,085水,10,7S,,,ルイ、なみだ
累,,120糸,11,7S,,,ルイ
塁,壘,032土,12,7S,,,ルイ
類,類[9],181頁,18,4,,,ルイ、たぐ-い
令,,009人,5,4,,,レイ
礼,禮,113示,5,3,,,レイ、ライ
冷,,015冫,7,4,,,レイ、つめ-たい、ひ-える、ひ-や、ひ-やす、ひ-やかす、さ-める、さ-ます
励,勵,019力,7,7S,,,レイ、はげ-む、はげ-ます
戻,戾,063戶,7,7S,1981,,レイ、もど-す、もど-る
例,,009人,8,4,,,レイ、たと-える
鈴,,167金,13,7S,,,レイ、リン、すず
零,,173雨,13,7S,,,レイ
霊,靈,173雨,15,7S,,,レイ、リョウ、たま
隷,,171隶,16,7S,,,レイ
齢,齡,211齒,17,7S,,,レイ
麗,,198鹿,19,7S,,,レイ、うるわ-しい
暦,曆,072日,14,7S,,,レキ、こよみ
歴,歷,077止,14,5,,,レキ
列,,018刀,6,3,,,レツ
劣,,019力,6,7S,,,レツ、おと-る
烈,,086火,10,7S,,,レツ
裂,,145衣,12,7S,,,レツ、さ-く、さ-ける
恋,戀,061心,10,7S,,,レン、こ-う、こい、こい-しい
連,,162辵,10,4,,,レン、つら-なる、つら-ねる、つ-れる
廉,,053广,13,7S,,,レン
練,練[9],120糸,14,3,,,レン、ね-る
錬,鍊,167金,16,7S,,,レン
呂,,030口,7,7S,2010,,ロ
炉,爐,086火,8,7S,,,ロ
賂,,154貝,13,7S,2010,,ロ
路,,157足,13,3,,,ロ、じ
露,,173雨,21,7S,,,ロ、（ロウ）、つゆ
老,,125老,6,4,,,ロウ、お-いる、ふ-ける
労,勞,019力,7,4,,,ロウ
弄,,055廾,7,7S,2010,,ロウ、もてあそ-ぶ
郎,郞,163邑,9,7S,,,ロウ
朗,朗[9],074月,10,6,,,ロウ、ほが-らか
浪,,085水,10,7S,,,ロウ
廊,廊[9],053广,12,7S,,,ロウ
楼,樓,075木,13,7S,,,ロウ
漏,,085水,14,7S,,,ロウ、も-る、も-れる、も-らす
籠[12],,118竹,22,7S,2010,,ロウ、かご、こ-もる
六,,012八,4,1,,,ロク、む、む-つ、むっ-つ、（むい）
録,錄,167金,16,4,,,ロク
麓,,198鹿,19,7S,2010,,ロク、ふもと
論,,149言,15,6,,,ロン
和,,030口,8,3,,,ワ、（オ）、やわ-らぐ、やわ-らげる、なご-む、なご-やか
話,,149言,13,2,,,ワ、はな-す、はなし
賄,,154貝,13,7S,,,ワイ、まかな-う
脇,,130肉,10,7S,2010,,わき
惑,,061心,12,7S,,,ワク、まど-う
枠,,075木,8,7S,1981,,わく
湾,灣,085水,12,7S,,,ワン
腕,,130肉,12,7S,,,ワン、うで
